"id","usuario_id","descricao_perfil"
"200001","500001","Vigilante patrimonial com 2 anos de experiência e curso de formação atualizado. Atuação em condomínios e empresas."
"200002","500002","Professor de inglês fluente com experiência no exterior. Aulas para iniciantes, intermediários e avançados."
"200003","500003","Realizo pintura interna e externa, textura, grafiato e pintura epóxi para pisos. Orçamento sem compromisso."
"200004","500004","Vigilante armado certificado pela PF. Experiência em bancos, shoppings e transporte de valores."
"200005","500005","Trabalho como personal chef, preparando refeições saudáveis e gostosas para famílias e executivos."
"200006","500006","Profissional de limpeza residencial com 8 anos de experiência. Atendo com produtos de qualidade, pontualidade e discrição."
"200007","500007","Serviços de pintura com 2 anos de mercado. Atendo residências, escritórios e galpões industriais."
"200008","500008","Ofereço transporte executivo e escolar. Veículo próprio, ar-condicionado e CNH válida."
"200009","500009","Realizo formatação de computadores, instalação de sistemas e limpeza de vírus. Atendimento domiciliar rápido."
"200010","500010","Especialista em culinária brasileira e internacional. Preparo jantares especiais e buffet para eventos."
"200011","500011","Banho e tosa profissional a domicílio. Equipamentos próprios e produtos de qualidade para seu pet."
"200012","500012","Trabalho com construção civil e reformas em geral. Equipe experiente e materiais de qualidade."
"200013","500013","Trabalho com pintura predial, residencial e industrial. Uso materiais de primeira linha e garanto o serviço."
"200014","500014","Trabalho com manutenção elétrica predial e residencial há 5 anos. Preço acessível e serviço de qualidade."
"200015","500015","Trabalho com construção civil e reformas em geral. Equipe experiente e materiais de qualidade."
"200016","500016","Pet sitter e dog walker com 16 anos de experiência. Cuidado com amor e responsabilidade para cães e gatos."
"200017","500017","Motorista particular com 14 anos de habilitação categoria B e D. Pontual, discreto e conhecedor da cidade."
"200018","500018","Instalação de tomadas, lâmpadas, ventiladores, ar-condicionado e quadros elétricos. Serviço rápido e com garantia."
"200019","500019","Vigilante armado certificado pela PF. Experiência em bancos, shoppings e transporte de valores."
"200020","500020","Cozinheira profissional que atende residências, festas e empresas. Cardápio variado e sob medida."
"200021","500021","Diarista experiente com ótimas referências. Realizo faxina completa, lavagem de roupas e organização de ambientes."
"200022","500022","Adestrador de cães com certificação internacional. Correção de comportamento e obediência básica."
"200023","500023","Pintor profissional com 14 anos de experiência em residências e comércios. Acabamento impecável e prazo cumprido."
"200024","500024","Especialista em jardinagem orgânica e hortas urbanas. Crio espaços verdes bonitos e sustentáveis."
"200025","500025","Trabalho com hidráulica residencial e comercial. Atendo emergências 24h e cobro preço justo pelo serviço."
"200026","500026","Pintura imobiliária completa: preparação de superfície, massa corrida, selador e tinta de qualidade. Resultado garantido."
"200027","500027","Professor de educação física e personal trainer. Aulas de natação, musculação e condicionamento físico."
"200028","500028","Doceira profissional especializada em bolos, tortas e doces finos para casamentos e eventos."
"200029","500029","Motorista particular disponível em tempo integral. Habilitação E, experiência com vans e micro-ônibus."
"200030","500030","Especialista em detecção de vazamentos e reparos de tubulação sem quebra. Tecnologia e experiência de 14 anos."
"200031","500031","Jardineiro com formação técnica em paisagismo. Atendo residências, empresas e condomínios."
"200032","500032","Pintura imobiliária completa: preparação de superfície, massa corrida, selador e tinta de qualidade. Resultado garantido."
"200033","500033","Pet sitter e dog walker com 9 anos de experiência. Cuidado com amor e responsabilidade para cães e gatos."
"200034","500034","Limpeza residencial especializada em apartamentos. Atendo com produtos inclusos e horário flexível."
"200035","500035","Suporte técnico em TI para empresas e residências. Configuração de redes, servidores e equipamentos."
"200036","500036","Serviços de pintura com 12 anos de mercado. Atendo residências, escritórios e galpões industriais."
"200037","500037","Pintura imobiliária completa: preparação de superfície, massa corrida, selador e tinta de qualidade. Resultado garantido."
"200038","500038","Assistência técnica para computadores, impressoras e periféricos. Orçamento gratuito e serviço rápido."
"200039","500039","Trabalho com hidráulica residencial e comercial. Atendo emergências 24h e cobro preço justo pelo serviço."
"200040","500040","Pintura imobiliária completa: preparação de superfície, massa corrida, selador e tinta de qualidade. Resultado garantido."
"200041","500041","Motorista de aplicativo e particular. Atendo aeroporto, hospitais e viagens intermunicipais."
"200042","500042","Técnico certificado em redes e segurança da informação. Configuração de firewalls, VPN e backup em nuvem."
"200043","500043","Realizo reformas completas: banheiros, cozinhas, fachadas e ampliações. Orçamento detalhado e prazo definido."
"200044","500044","Motorista experiente para executivos e eventos. Veículo próprio de alto padrão e total sigilo."
"200045","500045","Pet sitter e dog walker com 5 anos de experiência. Cuidado com amor e responsabilidade para cães e gatos."
"200046","500046","Encanador certificado com experiência em projetos residenciais e comerciais. Trabalho limpo e garantido."
"200047","500047","Veterinário com visita domiciliar para consultas, vacinas e exames básicos. Atendimento carinhoso."
"200048","500048","Especialista em manutenção de notebooks e desktops. Troca de tela, teclado, HD e memória com garantia."
"200049","500049","Motorista de aplicativo e particular. Atendo aeroporto, hospitais e viagens intermunicipais."
"200050","500050","Diarista experiente com ótimas referências. Realizo faxina completa, lavagem de roupas e organização de ambientes."
"200051","500051","Vigilante armado certificado pela PF. Experiência em bancos, shoppings e transporte de valores."
"200052","500052","Adestrador de cães com certificação internacional. Correção de comportamento e obediência básica."
"200053","500053","Especialista em jardinagem orgânica e hortas urbanas. Crio espaços verdes bonitos e sustentáveis."
"200054","500054","Cuidador de idosos com 10 anos de experiência. Acompanhamento, higiene, medicação e lazer com carinho."
"200055","500055","Ofereço transporte executivo e escolar. Veículo próprio, ar-condicionado e CNH válida."
"200056","500056","Eletricista com experiência em energia solar e automação residencial. Atendo toda a cidade e região."
"200057","500057","Vigilante armado certificado pela PF. Experiência em bancos, shoppings e transporte de valores."
"200058","500058","Trabalho com hidráulica residencial e comercial. Atendo emergências 24h e cobro preço justo pelo serviço."
"200059","500059","Transporte de pessoas e cargas leves. Pontualidade e segurança garantidas com 2 anos de experiência."
"200060","500060","Especialista em culinária brasileira e internacional. Preparo jantares especiais e buffet para eventos."
"200061","500061","Profissional de limpeza residencial com 13 anos de experiência. Atendo com produtos de qualidade, pontualidade e discrição."
"200062","500062","Adestrador de cães com certificação internacional. Correção de comportamento e obediência básica."
"200063","500063","Realizo limpeza doméstica completa, incluindo faxina, organização e higienização de ambientes. Trabalho com zelo e responsabilidade."
"200064","500064","Eletricista com 17 anos de experiência em instalações residenciais e comerciais. Serviço garantido e com nota fiscal."
"200065","500065","Instalação de tomadas, lâmpadas, ventiladores, ar-condicionado e quadros elétricos. Serviço rápido e com garantia."
"200066","500066","Encanador certificado com experiência em projetos residenciais e comerciais. Trabalho limpo e garantido."
"200067","500067","Ofereço transporte executivo e escolar. Veículo próprio, ar-condicionado e CNH válida."
"200068","500068","Transporte de pessoas e cargas leves. Pontualidade e segurança garantidas com 15 anos de experiência."
"200069","500069","Serviços de pintura com 8 anos de mercado. Atendo residências, escritórios e galpões industriais."
"200070","500070","Professor de inglês fluente com experiência no exterior. Aulas para iniciantes, intermediários e avançados."
"200071","500071","Porteiro e zelador experiente. Controle de acesso, monitoramento e atendimento ao público com educação."
"200072","500072","Motorista experiente para executivos e eventos. Veículo próprio de alto padrão e total sigilo."
"200073","500073","Realizo pintura interna e externa, textura, grafiato e pintura epóxi para pisos. Orçamento sem compromisso."
"200074","500074","Pedreiro com 20 anos de experiência em reformas residenciais. Assentamento de pisos, revestimentos e alvenaria."
"200075","500075","Ofereço transporte executivo e escolar. Veículo próprio, ar-condicionado e CNH válida."
"200076","500076","Pintor profissional com 4 anos de experiência em residências e comércios. Acabamento impecável e prazo cumprido."
"200077","500077","Professor de educação física e personal trainer. Aulas de natação, musculação e condicionamento físico."
"200078","500078","Pintor profissional com 3 anos de experiência em residências e comércios. Acabamento impecável e prazo cumprido."
"200079","500079","Pedreiro com 18 anos de experiência em reformas residenciais. Assentamento de pisos, revestimentos e alvenaria."
"200080","500080","Trabalho com pintura predial, residencial e industrial. Uso materiais de primeira linha e garanto o serviço."
"200081","500081","Serviços de pintura com 6 anos de mercado. Atendo residências, escritórios e galpões industriais."
"200082","500082","Aulas de música: violão, teclado e teoria musical. Atendo crianças, jovens e adultos em domicílio."
"200083","500083","Trabalho como cuidadora de idosos e pessoas com necessidades especiais. Curso técnico e referências."
"200084","500084","Veterinário com visita domiciliar para consultas, vacinas e exames básicos. Atendimento carinhoso."
"200085","500085","Eletricista com 15 anos de experiência em instalações residenciais e comerciais. Serviço garantido e com nota fiscal."
"200086","500086","Mestre de obras com experiência em projetos residenciais e comerciais. Reformas com acompanhamento diário."
"200087","500087","Especialista em cuidados paliativos e reabilitação domiciliar. 3 anos de experiência na área."
"200088","500088","Vigilante patrimonial com 3 anos de experiência e curso de formação atualizado. Atuação em condomínios e empresas."
"200089","500089","Assistência técnica para computadores, impressoras e periféricos. Orçamento gratuito e serviço rápido."
"200090","500090","Pet sitter e dog walker com 9 anos de experiência. Cuidado com amor e responsabilidade para cães e gatos."
"200091","500091","Realizo pintura interna e externa, textura, grafiato e pintura epóxi para pisos. Orçamento sem compromisso."
"200092","500092","Trabalho como cuidadora de idosos e pessoas com necessidades especiais. Curso técnico e referências."
"200093","500093","Trabalho com hidráulica residencial e comercial. Atendo emergências 24h e cobro preço justo pelo serviço."
"200094","500094","Pintor profissional com 16 anos de experiência em residências e comércios. Acabamento impecável e prazo cumprido."
"200095","500095","Cuidado de pets em domicílio: alimentação, higiene e companhia enquanto você viaja ou trabalha."
"200096","500096","Diarista experiente com ótimas referências. Realizo faxina completa, lavagem de roupas e organização de ambientes."
"200097","500097","Profissional de limpeza residencial com 9 anos de experiência. Atendo com produtos de qualidade, pontualidade e discrição."
"200098","500098","Especialista em detecção de vazamentos e reparos de tubulação sem quebra. Tecnologia e experiência de 17 anos."
"200099","500099","Trabalho como cuidadora de idosos e pessoas com necessidades especiais. Curso técnico e referências."
"200100","500100","Realizo limpeza doméstica completa, incluindo faxina, organização e higienização de ambientes. Trabalho com zelo e responsabilidade."
"200101","500101","Ofereço serviços de limpeza residencial e comercial com 10 anos de experiência. Referências disponíveis."
"200102","500102","Veterinário com visita domiciliar para consultas, vacinas e exames básicos. Atendimento carinhoso."
"200103","500103","Assistência técnica para computadores, impressoras e periféricos. Orçamento gratuito e serviço rápido."
"200104","500104","Profissional de segurança com treinamento em primeiros socorros e defesa pessoal. Disponível 12x36."
"200105","500105","Trabalho com pintura predial, residencial e industrial. Uso materiais de primeira linha e garanto o serviço."
"200106","500106","Trabalho com limpeza de escritórios, condomínios e residências. Seriedade, eficiência e preço justo."
"200107","500107","Diarista experiente com ótimas referências. Realizo faxina completa, lavagem de roupas e organização de ambientes."
"200108","500108","Profissional de limpeza residencial com 20 anos de experiência. Atendo com produtos de qualidade, pontualidade e discrição."
"200109","500109","Cuido de idosos com amor e profissionalismo. Atividades cognitivas, higiene e companhia diária."
"200110","500110","Encanador com 18 anos de atuação. Conserto de vazamentos, instalação de pias, vasos e chuveiros com rapidez."
"200111","500111","Realizo instalações elétricas, troca de fiação, quadros de distribuição e reparos em geral. Atendimento rápido e seguro."
"200112","500112","Chef de cozinha com 9 anos de experiência. Preparo de refeições para eventos, diárias e marmitas."
"200113","500113","Técnico em informática com 20 anos de experiência. Manutenção, formatação, redes e suporte remoto."
"200114","500114","Serviços de pintura com 3 anos de mercado. Atendo residências, escritórios e galpões industriais."
"200115","500115","Chef de cozinha com 15 anos de experiência. Preparo de refeições para eventos, diárias e marmitas."
"200116","500116","Vigilante armado certificado pela PF. Experiência em bancos, shoppings e transporte de valores."
"200117","500117","Motorista de aplicativo e particular. Atendo aeroporto, hospitais e viagens intermunicipais."
"200118","500118","Pintura imobiliária completa: preparação de superfície, massa corrida, selador e tinta de qualidade. Resultado garantido."
"200119","500119","Trabalho com pintura predial, residencial e industrial. Uso materiais de primeira linha e garanto o serviço."
"200120","500120","Encanador certificado com experiência em projetos residenciais e comerciais. Trabalho limpo e garantido."
"200121","500121","Ofereço cuidados diurnos e noturnos para idosos. Experiência em pacientes com Alzheimer e doenças crônicas."
"200122","500122","Ofereço serviços de limpeza residencial e comercial com 20 anos de experiência. Referências disponíveis."
"200123","500123","Eletricista com 19 anos de experiência em instalações residenciais e comerciais. Serviço garantido e com nota fiscal."
"200124","500124","Serviços de pintura com 10 anos de mercado. Atendo residências, escritórios e galpões industriais."
"200125","500125","Trabalho com hidráulica residencial e comercial. Atendo emergências 24h e cobro preço justo pelo serviço."
"200126","500126","Trabalho com pintura predial, residencial e industrial. Uso materiais de primeira linha e garanto o serviço."
"200127","500127","Especialista em detecção de vazamentos e reparos de tubulação sem quebra. Tecnologia e experiência de 19 anos."
"200128","500128","Professor de inglês fluente com experiência no exterior. Aulas para iniciantes, intermediários e avançados."
"200129","500129","Diarista experiente com ótimas referências. Realizo faxina completa, lavagem de roupas e organização de ambientes."
"200130","500130","Jardineiro com formação técnica em paisagismo. Atendo residências, empresas e condomínios."
"200131","500131","Trabalho com hidráulica residencial e comercial. Atendo emergências 24h e cobro preço justo pelo serviço."
"200132","500132","Eletricista com experiência em energia solar e automação residencial. Atendo toda a cidade e região."
"200133","500133","Trabalho com hidráulica residencial e comercial. Atendo emergências 24h e cobro preço justo pelo serviço."
"200134","500134","Cozinheira profissional que atende residências, festas e empresas. Cardápio variado e sob medida."
"200135","500135","Pintura imobiliária completa: preparação de superfície, massa corrida, selador e tinta de qualidade. Resultado garantido."
"200136","500136","Motorista experiente para executivos e eventos. Veículo próprio de alto padrão e total sigilo."
"200137","500137","Profissional de limpeza residencial com 15 anos de experiência. Atendo com produtos de qualidade, pontualidade e discrição."
"200138","500138","Jardineiro com 2 anos de experiência. Realizo manutenção de jardins, corte de grama, podas e paisagismo."
"200139","500139","Realizo reformas completas: banheiros, cozinhas, fachadas e ampliações. Orçamento detalhado e prazo definido."
"200140","500140","Encanador certificado com experiência em projetos residenciais e comerciais. Trabalho limpo e garantido."
"200141","500141","Motorista particular disponível em tempo integral. Habilitação E, experiência com vans e micro-ônibus."
"200142","500142","Motorista particular com 5 anos de habilitação categoria B e D. Pontual, discreto e conhecedor da cidade."
"200143","500143","Eletricista com experiência em energia solar e automação residencial. Atendo toda a cidade e região."
"200144","500144","Motorista particular com 13 anos de habilitação categoria B e D. Pontual, discreto e conhecedor da cidade."
"200145","500145","Ofereço serviço de marmita fitness e dieta. Refeições balanceadas e saborosas entregues na sua porta."
"200146","500146","Realizo formatação de computadores, instalação de sistemas e limpeza de vírus. Atendimento domiciliar rápido."
"200147","500147","Trabalho com paisagismo e manutenção de áreas verdes. Projeto e execução com plantas nativas e exóticas."
"200148","500148","Realizo reformas completas: banheiros, cozinhas, fachadas e ampliações. Orçamento detalhado e prazo definido."
"200149","500149","Vigilante patrimonial com 13 anos de experiência e curso de formação atualizado. Atuação em condomínios e empresas."
"200150","500150","Cuidado de pets em domicílio: alimentação, higiene e companhia enquanto você viaja ou trabalha."
"200151","500151","Doceira profissional especializada em bolos, tortas e doces finos para casamentos e eventos."
"200152","500152","Realizo pintura interna e externa, textura, grafiato e pintura epóxi para pisos. Orçamento sem compromisso."
"200153","500153","Técnico em informática com 7 anos de experiência. Manutenção, formatação, redes e suporte remoto."
"200154","500154","Professor de inglês fluente com experiência no exterior. Aulas para iniciantes, intermediários e avançados."
"200155","500155","Banho e tosa profissional a domicílio. Equipamentos próprios e produtos de qualidade para seu pet."
"200156","500156","Encanador certificado com experiência em projetos residenciais e comerciais. Trabalho limpo e garantido."
"200157","500157","Técnico em informática com 17 anos de experiência. Manutenção, formatação, redes e suporte remoto."
"200158","500158","Realizo pintura interna e externa, textura, grafiato e pintura epóxi para pisos. Orçamento sem compromisso."
"200159","500159","Trabalho com construção civil e reformas em geral. Equipe experiente e materiais de qualidade."
"200160","500160","Pintor profissional com 8 anos de experiência em residências e comércios. Acabamento impecável e prazo cumprido."
"200161","500161","Suporte técnico em TI para empresas e residências. Configuração de redes, servidores e equipamentos."
"200162","500162","Eletricista certificado. Atendo emergências, faço laudos e instalações completas seguindo as normas da ABNT."
"200163","500163","Vigilante armado certificado pela PF. Experiência em bancos, shoppings e transporte de valores."
"200164","500164","Vigilante armado certificado pela PF. Experiência em bancos, shoppings e transporte de valores."
"200165","500165","Profissional de limpeza residencial com 10 anos de experiência. Atendo com produtos de qualidade, pontualidade e discrição."
"200166","500166","Realizo instalação e manutenção de sistemas hidráulicos, caixas d'água, bombas e filtros."
"200167","500167","Profissional de limpeza residencial com 15 anos de experiência. Atendo com produtos de qualidade, pontualidade e discrição."
"200168","500168","Realizo pequenas e grandes reformas com responsabilidade e qualidade. 12 anos atendendo na região."
"200169","500169","Técnico certificado em redes e segurança da informação. Configuração de firewalls, VPN e backup em nuvem."
"200170","500170","Trabalho com manutenção elétrica predial e residencial há 20 anos. Preço acessível e serviço de qualidade."
"200171","500171","Trabalho com pintura predial, residencial e industrial. Uso materiais de primeira linha e garanto o serviço."
"200172","500172","Tutoria em matemática e ciências para ensino fundamental. Paciência, didática e resultados comprovados."
"200173","500173","Transporte de pessoas e cargas leves. Pontualidade e segurança garantidas com 8 anos de experiência."
"200174","500174","Mestre de obras com experiência em projetos residenciais e comerciais. Reformas com acompanhamento diário."
"200175","500175","Porteiro e zelador experiente. Controle de acesso, monitoramento e atendimento ao público com educação."
"200176","500176","Vigilante patrimonial com 11 anos de experiência e curso de formação atualizado. Atuação em condomínios e empresas."
"200177","500177","Motorista de aplicativo e particular. Atendo aeroporto, hospitais e viagens intermunicipais."
"200178","500178","Mestre de obras com experiência em projetos residenciais e comerciais. Reformas com acompanhamento diário."
"200179","500179","Ofereço transporte executivo e escolar. Veículo próprio, ar-condicionado e CNH válida."
"200180","500180","Assistência técnica para computadores, impressoras e periféricos. Orçamento gratuito e serviço rápido."
"200181","500181","Segurança particular com experiência em eventos, casas noturnas e escolta pessoal. Discreto e eficiente."
"200182","500182","Especialista em jardinagem orgânica e hortas urbanas. Crio espaços verdes bonitos e sustentáveis."
"200183","500183","Especialista em limpeza pós-obra e limpeza pesada. Equipamentos próprios e produtos eficazes para deixar o espaço impecável."
"200184","500184","Pintor com especialização em texturas e efeitos decorativos. Transforme seu ambiente com qualidade e criatividade."
"200185","500185","Doceira profissional especializada em bolos, tortas e doces finos para casamentos e eventos."
"200186","500186","Cuidador com formação em enfermagem auxiliar. Administração de medicamentos e acompanhamento médico."
"200187","500187","Segurança particular com experiência em eventos, casas noturnas e escolta pessoal. Discreto e eficiente."
"200188","500188","Especialista em cuidados paliativos e reabilitação domiciliar. 7 anos de experiência na área."
"200189","500189","Vigilante patrimonial com 11 anos de experiência e curso de formação atualizado. Atuação em condomínios e empresas."
"200190","500190","Motorista particular disponível em tempo integral. Habilitação E, experiência com vans e micro-ônibus."
"200191","500191","Realizo instalações elétricas, troca de fiação, quadros de distribuição e reparos em geral. Atendimento rápido e seguro."
"200192","500192","Realizo pintura interna e externa, textura, grafiato e pintura epóxi para pisos. Orçamento sem compromisso."
"200193","500193","Profissional de limpeza residencial com 9 anos de experiência. Atendo com produtos de qualidade, pontualidade e discrição."
"200194","500194","Cuido de idosos com amor e profissionalismo. Atividades cognitivas, higiene e companhia diária."
"200195","500195","Cuidador com formação em enfermagem auxiliar. Administração de medicamentos e acompanhamento médico."
"200196","500196","Pintura imobiliária completa: preparação de superfície, massa corrida, selador e tinta de qualidade. Resultado garantido."
"200197","500197","Cuidador com formação em enfermagem auxiliar. Administração de medicamentos e acompanhamento médico."
"200198","500198","Encanador certificado com experiência em projetos residenciais e comerciais. Trabalho limpo e garantido."
"200199","500199","Pet sitter e dog walker com 15 anos de experiência. Cuidado com amor e responsabilidade para cães e gatos."
"200200","500200","Realizo pintura interna e externa, textura, grafiato e pintura epóxi para pisos. Orçamento sem compromisso."
"200201","500201","Cuidador de idosos com 19 anos de experiência. Acompanhamento, higiene, medicação e lazer com carinho."
"200202","500202","Pintor profissional com 16 anos de experiência em residências e comércios. Acabamento impecável e prazo cumprido."
"200203","500203","Especialista em detecção de vazamentos e reparos de tubulação sem quebra. Tecnologia e experiência de 18 anos."
"200204","500204","Transporte de pessoas e cargas leves. Pontualidade e segurança garantidas com 12 anos de experiência."
"200205","500205","Veterinário com visita domiciliar para consultas, vacinas e exames básicos. Atendimento carinhoso."
"200206","500206","Técnico certificado em redes e segurança da informação. Configuração de firewalls, VPN e backup em nuvem."
"200207","500207","Encanador certificado com experiência em projetos residenciais e comerciais. Trabalho limpo e garantido."
"200208","500208","Ofereço cuidados diurnos e noturnos para idosos. Experiência em pacientes com Alzheimer e doenças crônicas."
"200209","500209","Porteiro e zelador experiente. Controle de acesso, monitoramento e atendimento ao público com educação."
"200210","500210","Especialista em cuidados paliativos e reabilitação domiciliar. 9 anos de experiência na área."
"200211","500211","Especialista em jardinagem orgânica e hortas urbanas. Crio espaços verdes bonitos e sustentáveis."
"200212","500212","Professor de inglês fluente com experiência no exterior. Aulas para iniciantes, intermediários e avançados."
"200213","500213","Trabalho com paisagismo e manutenção de áreas verdes. Projeto e execução com plantas nativas e exóticas."
"200214","500214","Motorista particular com 6 anos de habilitação categoria B e D. Pontual, discreto e conhecedor da cidade."
"200215","500215","Serviços hidráulicos em geral: desentupimento, troca de registros, instalação de aquecedores e reparos de tubulação."
"200216","500216","Aulas particulares de português e redação para concursos, ENEM e reforço escolar. Metodologia aprovada."
"200217","500217","Trabalho com manutenção elétrica predial e residencial há 15 anos. Preço acessível e serviço de qualidade."
"200218","500218","Especialista em reformas de banheiros e cozinhas. Acabamento fino e entrega no prazo combinado."
"200219","500219","Técnico em informática com 8 anos de experiência. Manutenção, formatação, redes e suporte remoto."
"200220","500220","Especialista em manutenção de notebooks e desktops. Troca de tela, teclado, HD e memória com garantia."
"200221","500221","Professor particular com 20 anos de experiência em matemática, física e química para ensino médio e vestibular."
"200222","500222","Especialista em manutenção de notebooks e desktops. Troca de tela, teclado, HD e memória com garantia."
"200223","500223","Trabalho com construção civil e reformas em geral. Equipe experiente e materiais de qualidade."
"200224","500224","Técnico certificado em redes e segurança da informação. Configuração de firewalls, VPN e backup em nuvem."
"200225","500225","Cuidado de pets em domicílio: alimentação, higiene e companhia enquanto você viaja ou trabalha."
"200226","500226","Trabalho como cuidadora de idosos e pessoas com necessidades especiais. Curso técnico e referências."
"200227","500227","Especialista em manutenção de notebooks e desktops. Troca de tela, teclado, HD e memória com garantia."
"200228","500228","Suporte técnico em TI para empresas e residências. Configuração de redes, servidores e equipamentos."
"200229","500229","Aulas particulares de português e redação para concursos, ENEM e reforço escolar. Metodologia aprovada."
"200230","500230","Realizo instalação e manutenção de sistemas hidráulicos, caixas d'água, bombas e filtros."
"200231","500231","Ofereço serviços de limpeza residencial e comercial com 20 anos de experiência. Referências disponíveis."
"200232","500232","Doceira profissional especializada em bolos, tortas e doces finos para casamentos e eventos."
"200233","500233","Eletricista com experiência em energia solar e automação residencial. Atendo toda a cidade e região."
"200234","500234","Especialista em detecção de vazamentos e reparos de tubulação sem quebra. Tecnologia e experiência de 7 anos."
"200235","500235","Especialista em limpeza pós-obra e limpeza pesada. Equipamentos próprios e produtos eficazes para deixar o espaço impecável."
"200236","500236","Realizo reformas completas: banheiros, cozinhas, fachadas e ampliações. Orçamento detalhado e prazo definido."
"200237","500237","Trabalho com construção civil e reformas em geral. Equipe experiente e materiais de qualidade."
"200238","500238","Especialista em jardinagem orgânica e hortas urbanas. Crio espaços verdes bonitos e sustentáveis."
"200239","500239","Trabalho com manutenção elétrica predial e residencial há 2 anos. Preço acessível e serviço de qualidade."
"200240","500240","Aulas de música: violão, teclado e teoria musical. Atendo crianças, jovens e adultos em domicílio."
"200241","500241","Realizo reformas completas: banheiros, cozinhas, fachadas e ampliações. Orçamento detalhado e prazo definido."
"200242","500242","Pet sitter e dog walker com 2 anos de experiência. Cuidado com amor e responsabilidade para cães e gatos."
"200243","500243","Realizo pintura interna e externa, textura, grafiato e pintura epóxi para pisos. Orçamento sem compromisso."
"200244","500244","Cozinheira profissional que atende residências, festas e empresas. Cardápio variado e sob medida."
"200245","500245","Especialista em detecção de vazamentos e reparos de tubulação sem quebra. Tecnologia e experiência de 5 anos."
"200246","500246","Cozinheira profissional que atende residências, festas e empresas. Cardápio variado e sob medida."
"200247","500247","Professor de inglês fluente com experiência no exterior. Aulas para iniciantes, intermediários e avançados."
"200248","500248","Realizo instalação e manutenção de sistemas hidráulicos, caixas d'água, bombas e filtros."
"200249","500249","Banho e tosa profissional a domicílio. Equipamentos próprios e produtos de qualidade para seu pet."
"200250","500250","Instalação de tomadas, lâmpadas, ventiladores, ar-condicionado e quadros elétricos. Serviço rápido e com garantia."
"200251","500251","Manutenção de gramados, jardins e piscinas. Serviço semanal ou mensal com preço acessível."
"200252","500252","Assistência técnica para computadores, impressoras e periféricos. Orçamento gratuito e serviço rápido."
"200253","500253","Instalação de tomadas, lâmpadas, ventiladores, ar-condicionado e quadros elétricos. Serviço rápido e com garantia."
"200254","500254","Eletricista com experiência em energia solar e automação residencial. Atendo toda a cidade e região."
"200255","500255","Vigilante armado certificado pela PF. Experiência em bancos, shoppings e transporte de valores."
"200256","500256","Cuidado de pets em domicílio: alimentação, higiene e companhia enquanto você viaja ou trabalha."
"200257","500257","Especialista em reformas de banheiros e cozinhas. Acabamento fino e entrega no prazo combinado."
"200258","500258","Porteiro e zelador experiente. Controle de acesso, monitoramento e atendimento ao público com educação."
"200259","500259","Motorista particular disponível em tempo integral. Habilitação E, experiência com vans e micro-ônibus."
"200260","500260","Limpeza residencial especializada em apartamentos. Atendo com produtos inclusos e horário flexível."
"200261","500261","Cuidador de idosos com 15 anos de experiência. Acompanhamento, higiene, medicação e lazer com carinho."
"200262","500262","Realizo pequenas e grandes reformas com responsabilidade e qualidade. 16 anos atendendo na região."
"200263","500263","Aulas particulares de português e redação para concursos, ENEM e reforço escolar. Metodologia aprovada."
"200264","500264","Encanador certificado com experiência em projetos residenciais e comerciais. Trabalho limpo e garantido."
"200265","500265","Porteiro e zelador experiente. Controle de acesso, monitoramento e atendimento ao público com educação."
"200266","500266","Veterinário com visita domiciliar para consultas, vacinas e exames básicos. Atendimento carinhoso."
"200267","500267","Assistência técnica para computadores, impressoras e periféricos. Orçamento gratuito e serviço rápido."
"200268","500268","Trabalho com paisagismo e manutenção de áreas verdes. Projeto e execução com plantas nativas e exóticas."
"200269","500269","Eletricista certificado. Atendo emergências, faço laudos e instalações completas seguindo as normas da ABNT."
"200270","500270","Pintor com especialização em texturas e efeitos decorativos. Transforme seu ambiente com qualidade e criatividade."
"200271","500271","Doceira profissional especializada em bolos, tortas e doces finos para casamentos e eventos."
"200272","500272","Pedreiro com 17 anos de experiência em reformas residenciais. Assentamento de pisos, revestimentos e alvenaria."
"200273","500273","Realizo reformas completas: banheiros, cozinhas, fachadas e ampliações. Orçamento detalhado e prazo definido."
"200274","500274","Trabalho com pintura predial, residencial e industrial. Uso materiais de primeira linha e garanto o serviço."
"200275","500275","Trabalho com construção civil e reformas em geral. Equipe experiente e materiais de qualidade."
"200276","500276","Motorista particular com 18 anos de habilitação categoria B e D. Pontual, discreto e conhecedor da cidade."
"200277","500277","Pintor profissional com 9 anos de experiência em residências e comércios. Acabamento impecável e prazo cumprido."
"200278","500278","Tutoria em matemática e ciências para ensino fundamental. Paciência, didática e resultados comprovados."
"200279","500279","Ofereço transporte executivo e escolar. Veículo próprio, ar-condicionado e CNH válida."
"200280","500280","Profissional de segurança com treinamento em primeiros socorros e defesa pessoal. Disponível 12x36."
"200281","500281","Pet sitter e dog walker com 4 anos de experiência. Cuidado com amor e responsabilidade para cães e gatos."
"200282","500282","Cuido de jardins residenciais e condomínios. Aplicação de fertilizantes, controle de pragas e irrigação."
"200283","500283","Aulas particulares de português e redação para concursos, ENEM e reforço escolar. Metodologia aprovada."
"200284","500284","Vigilante armado certificado pela PF. Experiência em bancos, shoppings e transporte de valores."
"200285","500285","Cuido de idosos com amor e profissionalismo. Atividades cognitivas, higiene e companhia diária."
"200286","500286","Mestre de obras com experiência em projetos residenciais e comerciais. Reformas com acompanhamento diário."
"200287","500287","Trabalho com construção civil e reformas em geral. Equipe experiente e materiais de qualidade."
"200288","500288","Trabalho com paisagismo e manutenção de áreas verdes. Projeto e execução com plantas nativas e exóticas."
"200289","500289","Pintor profissional com 8 anos de experiência em residências e comércios. Acabamento impecável e prazo cumprido."
"200290","500290","Pedreiro com 19 anos de experiência em reformas residenciais. Assentamento de pisos, revestimentos e alvenaria."
"200291","500291","Banho e tosa profissional a domicílio. Equipamentos próprios e produtos de qualidade para seu pet."
"200292","500292","Pintura imobiliária completa: preparação de superfície, massa corrida, selador e tinta de qualidade. Resultado garantido."
"200293","500293","Jardineiro com formação técnica em paisagismo. Atendo residências, empresas e condomínios."
"200294","500294","Cuidado de pets em domicílio: alimentação, higiene e companhia enquanto você viaja ou trabalha."
"200295","500295","Realizo instalações elétricas, troca de fiação, quadros de distribuição e reparos em geral. Atendimento rápido e seguro."
"200296","500296","Trabalho com pintura predial, residencial e industrial. Uso materiais de primeira linha e garanto o serviço."
"200297","500297","Jardineiro com 19 anos de experiência. Realizo manutenção de jardins, corte de grama, podas e paisagismo."
"200298","500298","Trabalho com hidráulica residencial e comercial. Atendo emergências 24h e cobro preço justo pelo serviço."
"200299","500299","Trabalho com limpeza de escritórios, condomínios e residências. Seriedade, eficiência e preço justo."
"200300","500300","Aulas particulares de português e redação para concursos, ENEM e reforço escolar. Metodologia aprovada."
"200301","500301","Eletricista com 20 anos de experiência em instalações residenciais e comerciais. Serviço garantido e com nota fiscal."
"200302","500302","Especialista em jardinagem orgânica e hortas urbanas. Crio espaços verdes bonitos e sustentáveis."
"200303","500303","Ofereço cuidados diurnos e noturnos para idosos. Experiência em pacientes com Alzheimer e doenças crônicas."
"200304","500304","Especialista em limpeza pós-obra e limpeza pesada. Equipamentos próprios e produtos eficazes para deixar o espaço impecável."
"200305","500305","Eletricista com 14 anos de experiência em instalações residenciais e comerciais. Serviço garantido e com nota fiscal."
"200306","500306","Cuidador de idosos com 20 anos de experiência. Acompanhamento, higiene, medicação e lazer com carinho."
"200307","500307","Vigilante patrimonial com 6 anos de experiência e curso de formação atualizado. Atuação em condomínios e empresas."
"200308","500308","Realizo instalação e manutenção de sistemas hidráulicos, caixas d'água, bombas e filtros."
"200309","500309","Realizo instalações elétricas, troca de fiação, quadros de distribuição e reparos em geral. Atendimento rápido e seguro."
"200310","500310","Motorista experiente para executivos e eventos. Veículo próprio de alto padrão e total sigilo."
"200311","500311","Cuidado de pets em domicílio: alimentação, higiene e companhia enquanto você viaja ou trabalha."
"200312","500312","Cuidador com formação em enfermagem auxiliar. Administração de medicamentos e acompanhamento médico."
"200313","500313","Trabalho como personal chef, preparando refeições saudáveis e gostosas para famílias e executivos."
"200314","500314","Ofereço serviço de marmita fitness e dieta. Refeições balanceadas e saborosas entregues na sua porta."
"200315","500315","Doceira profissional especializada em bolos, tortas e doces finos para casamentos e eventos."
"200316","500316","Banho e tosa profissional a domicílio. Equipamentos próprios e produtos de qualidade para seu pet."
"200317","500317","Jardineiro com formação técnica em paisagismo. Atendo residências, empresas e condomínios."
"200318","500318","Serviços hidráulicos em geral: desentupimento, troca de registros, instalação de aquecedores e reparos de tubulação."
"200319","500319","Motorista particular com 7 anos de habilitação categoria B e D. Pontual, discreto e conhecedor da cidade."
"200320","500320","Ofereço serviços de limpeza residencial e comercial com 16 anos de experiência. Referências disponíveis."
"200321","500321","Aulas de música: violão, teclado e teoria musical. Atendo crianças, jovens e adultos em domicílio."
"200322","500322","Jardineiro com 9 anos de experiência. Realizo manutenção de jardins, corte de grama, podas e paisagismo."
"200323","500323","Jardineiro com formação técnica em paisagismo. Atendo residências, empresas e condomínios."
"200324","500324","Tutoria em matemática e ciências para ensino fundamental. Paciência, didática e resultados comprovados."
"200325","500325","Segurança particular com experiência em eventos, casas noturnas e escolta pessoal. Discreto e eficiente."
"200326","500326","Cuidado de pets em domicílio: alimentação, higiene e companhia enquanto você viaja ou trabalha."
"200327","500327","Técnico em informática com 19 anos de experiência. Manutenção, formatação, redes e suporte remoto."
"200328","500328","Pintura imobiliária completa: preparação de superfície, massa corrida, selador e tinta de qualidade. Resultado garantido."
"200329","500329","Cuido de jardins residenciais e condomínios. Aplicação de fertilizantes, controle de pragas e irrigação."
"200330","500330","Realizo limpeza doméstica completa, incluindo faxina, organização e higienização de ambientes. Trabalho com zelo e responsabilidade."
"200331","500331","Doceira profissional especializada em bolos, tortas e doces finos para casamentos e eventos."
"200332","500332","Especialista em jardinagem orgânica e hortas urbanas. Crio espaços verdes bonitos e sustentáveis."
"200333","500333","Especialista em cuidados paliativos e reabilitação domiciliar. 11 anos de experiência na área."
"200334","500334","Tutoria em matemática e ciências para ensino fundamental. Paciência, didática e resultados comprovados."
"200335","500335","Transporte de pessoas e cargas leves. Pontualidade e segurança garantidas com 17 anos de experiência."
"200336","500336","Cuidador de idosos com 3 anos de experiência. Acompanhamento, higiene, medicação e lazer com carinho."
"200337","500337","Assistência técnica para computadores, impressoras e periféricos. Orçamento gratuito e serviço rápido."
"200338","500338","Especialista em culinária brasileira e internacional. Preparo jantares especiais e buffet para eventos."
"200339","500339","Realizo instalações elétricas, troca de fiação, quadros de distribuição e reparos em geral. Atendimento rápido e seguro."
"200340","500340","Chef de cozinha com 10 anos de experiência. Preparo de refeições para eventos, diárias e marmitas."
"200341","500341","Chef de cozinha com 7 anos de experiência. Preparo de refeições para eventos, diárias e marmitas."
"200342","500342","Cuido de idosos com amor e profissionalismo. Atividades cognitivas, higiene e companhia diária."
"200343","500343","Cuido de jardins residenciais e condomínios. Aplicação de fertilizantes, controle de pragas e irrigação."
"200344","500344","Assistência técnica para computadores, impressoras e periféricos. Orçamento gratuito e serviço rápido."
"200345","500345","Trabalho com manutenção elétrica predial e residencial há 13 anos. Preço acessível e serviço de qualidade."
"200346","500346","Suporte técnico em TI para empresas e residências. Configuração de redes, servidores e equipamentos."
"200347","500347","Vigilante patrimonial com 7 anos de experiência e curso de formação atualizado. Atuação em condomínios e empresas."
"200348","500348","Mestre de obras com experiência em projetos residenciais e comerciais. Reformas com acompanhamento diário."
"200349","500349","Jardineiro com formação técnica em paisagismo. Atendo residências, empresas e condomínios."
"200350","500350","Cuidado de pets em domicílio: alimentação, higiene e companhia enquanto você viaja ou trabalha."
"200351","500351","Cuidador de idosos com 12 anos de experiência. Acompanhamento, higiene, medicação e lazer com carinho."
"200352","500352","Trabalho com paisagismo e manutenção de áreas verdes. Projeto e execução com plantas nativas e exóticas."
"200353","500353","Veterinário com visita domiciliar para consultas, vacinas e exames básicos. Atendimento carinhoso."
"200354","500354","Diarista experiente com ótimas referências. Realizo faxina completa, lavagem de roupas e organização de ambientes."
"200355","500355","Cuidador com formação em enfermagem auxiliar. Administração de medicamentos e acompanhamento médico."
"200356","500356","Serviços de pintura com 13 anos de mercado. Atendo residências, escritórios e galpões industriais."
"200357","500357","Trabalho como personal chef, preparando refeições saudáveis e gostosas para famílias e executivos."
"200358","500358","Pet sitter e dog walker com 8 anos de experiência. Cuidado com amor e responsabilidade para cães e gatos."
"200359","500359","Manutenção de gramados, jardins e piscinas. Serviço semanal ou mensal com preço acessível."
"200360","500360","Especialista em jardinagem orgânica e hortas urbanas. Crio espaços verdes bonitos e sustentáveis."
"200361","500361","Eletricista com 9 anos de experiência em instalações residenciais e comerciais. Serviço garantido e com nota fiscal."
"200362","500362","Aulas particulares de português e redação para concursos, ENEM e reforço escolar. Metodologia aprovada."
"200363","500363","Motorista particular com 19 anos de habilitação categoria B e D. Pontual, discreto e conhecedor da cidade."
"200364","500364","Técnico em informática com 9 anos de experiência. Manutenção, formatação, redes e suporte remoto."
"200365","500365","Trabalho com manutenção elétrica predial e residencial há 5 anos. Preço acessível e serviço de qualidade."
"200366","500366","Segurança particular com experiência em eventos, casas noturnas e escolta pessoal. Discreto e eficiente."
"200367","500367","Professor de inglês fluente com experiência no exterior. Aulas para iniciantes, intermediários e avançados."
"200368","500368","Professor de inglês fluente com experiência no exterior. Aulas para iniciantes, intermediários e avançados."
"200369","500369","Cuidador com formação em enfermagem auxiliar. Administração de medicamentos e acompanhamento médico."
"200370","500370","Cuido de idosos com amor e profissionalismo. Atividades cognitivas, higiene e companhia diária."
"200371","500371","Realizo formatação de computadores, instalação de sistemas e limpeza de vírus. Atendimento domiciliar rápido."
"200372","500372","Aulas particulares de português e redação para concursos, ENEM e reforço escolar. Metodologia aprovada."
"200373","500373","Especialista em jardinagem orgânica e hortas urbanas. Crio espaços verdes bonitos e sustentáveis."
"200374","500374","Cuidado de pets em domicílio: alimentação, higiene e companhia enquanto você viaja ou trabalha."
"200375","500375","Especialista em limpeza pós-obra e limpeza pesada. Equipamentos próprios e produtos eficazes para deixar o espaço impecável."
"200376","500376","Ofereço serviço de marmita fitness e dieta. Refeições balanceadas e saborosas entregues na sua porta."
"200377","500377","Especialista em detecção de vazamentos e reparos de tubulação sem quebra. Tecnologia e experiência de 19 anos."
"200378","500378","Ofereço cuidados diurnos e noturnos para idosos. Experiência em pacientes com Alzheimer e doenças crônicas."
"200379","500379","Transporte de pessoas e cargas leves. Pontualidade e segurança garantidas com 14 anos de experiência."
"200380","500380","Ofereço cuidados diurnos e noturnos para idosos. Experiência em pacientes com Alzheimer e doenças crônicas."
"200381","500381","Aulas particulares de português e redação para concursos, ENEM e reforço escolar. Metodologia aprovada."
"200382","500382","Realizo formatação de computadores, instalação de sistemas e limpeza de vírus. Atendimento domiciliar rápido."
"200383","500383","Especialista em limpeza pós-obra e limpeza pesada. Equipamentos próprios e produtos eficazes para deixar o espaço impecável."
"200384","500384","Tutoria em matemática e ciências para ensino fundamental. Paciência, didática e resultados comprovados."
"200385","500385","Segurança particular com experiência em eventos, casas noturnas e escolta pessoal. Discreto e eficiente."
"200386","500386","Realizo limpeza doméstica completa, incluindo faxina, organização e higienização de ambientes. Trabalho com zelo e responsabilidade."
"200387","500387","Especialista em culinária brasileira e internacional. Preparo jantares especiais e buffet para eventos."
"200388","500388","Cuidador de idosos com 18 anos de experiência. Acompanhamento, higiene, medicação e lazer com carinho."
"200389","500389","Cuidador de idosos com 6 anos de experiência. Acompanhamento, higiene, medicação e lazer com carinho."
"200390","500390","Assistência técnica para computadores, impressoras e periféricos. Orçamento gratuito e serviço rápido."
"200391","500391","Trabalho com manutenção elétrica predial e residencial há 10 anos. Preço acessível e serviço de qualidade."
"200392","500392","Especialista em reformas de banheiros e cozinhas. Acabamento fino e entrega no prazo combinado."
"200393","500393","Vigilante patrimonial com 12 anos de experiência e curso de formação atualizado. Atuação em condomínios e empresas."
"200394","500394","Vigilante armado certificado pela PF. Experiência em bancos, shoppings e transporte de valores."
"200395","500395","Realizo pequenas e grandes reformas com responsabilidade e qualidade. 17 anos atendendo na região."
"200396","500396","Motorista particular com 4 anos de habilitação categoria B e D. Pontual, discreto e conhecedor da cidade."
"200397","500397","Pintura imobiliária completa: preparação de superfície, massa corrida, selador e tinta de qualidade. Resultado garantido."
"200398","500398","Pintura imobiliária completa: preparação de superfície, massa corrida, selador e tinta de qualidade. Resultado garantido."
"200399","500399","Técnico em informática com 5 anos de experiência. Manutenção, formatação, redes e suporte remoto."
"200400","500400","Trabalho como cuidadora de idosos e pessoas com necessidades especiais. Curso técnico e referências."
"200401","500401","Profissional de limpeza residencial com 12 anos de experiência. Atendo com produtos de qualidade, pontualidade e discrição."
"200402","500402","Pet sitter e dog walker com 11 anos de experiência. Cuidado com amor e responsabilidade para cães e gatos."
"200403","500403","Trabalho com construção civil e reformas em geral. Equipe experiente e materiais de qualidade."
"200404","500404","Serviços hidráulicos em geral: desentupimento, troca de registros, instalação de aquecedores e reparos de tubulação."
"200405","500405","Técnico certificado em redes e segurança da informação. Configuração de firewalls, VPN e backup em nuvem."
"200406","500406","Serviços hidráulicos em geral: desentupimento, troca de registros, instalação de aquecedores e reparos de tubulação."
"200407","500407","Trabalho como personal chef, preparando refeições saudáveis e gostosas para famílias e executivos."
"200408","500408","Cuido de idosos com amor e profissionalismo. Atividades cognitivas, higiene e companhia diária."
"200409","500409","Pintor com especialização em texturas e efeitos decorativos. Transforme seu ambiente com qualidade e criatividade."
"200410","500410","Ofereço cuidados diurnos e noturnos para idosos. Experiência em pacientes com Alzheimer e doenças crônicas."
"200411","500411","Veterinário com visita domiciliar para consultas, vacinas e exames básicos. Atendimento carinhoso."
"200412","500412","Vigilante armado certificado pela PF. Experiência em bancos, shoppings e transporte de valores."
"200413","500413","Trabalho com manutenção elétrica predial e residencial há 13 anos. Preço acessível e serviço de qualidade."
"200414","500414","Especialista em culinária brasileira e internacional. Preparo jantares especiais e buffet para eventos."
"200415","500415","Professor de inglês fluente com experiência no exterior. Aulas para iniciantes, intermediários e avançados."
"200416","500416","Cuido de jardins residenciais e condomínios. Aplicação de fertilizantes, controle de pragas e irrigação."
"200417","500417","Cuidador de idosos com 9 anos de experiência. Acompanhamento, higiene, medicação e lazer com carinho."
"200418","500418","Técnico certificado em redes e segurança da informação. Configuração de firewalls, VPN e backup em nuvem."
"200419","500419","Especialista em culinária brasileira e internacional. Preparo jantares especiais e buffet para eventos."
"200420","500420","Limpeza residencial especializada em apartamentos. Atendo com produtos inclusos e horário flexível."
"200421","500421","Jardineiro com 20 anos de experiência. Realizo manutenção de jardins, corte de grama, podas e paisagismo."
"200422","500422","Vigilante patrimonial com 17 anos de experiência e curso de formação atualizado. Atuação em condomínios e empresas."
"200423","500423","Cuido de jardins residenciais e condomínios. Aplicação de fertilizantes, controle de pragas e irrigação."
"200424","500424","Pintura imobiliária completa: preparação de superfície, massa corrida, selador e tinta de qualidade. Resultado garantido."
"200425","500425","Especialista em culinária brasileira e internacional. Preparo jantares especiais e buffet para eventos."
"200426","500426","Vigilante patrimonial com 3 anos de experiência e curso de formação atualizado. Atuação em condomínios e empresas."
"200427","500427","Especialista em jardinagem orgânica e hortas urbanas. Crio espaços verdes bonitos e sustentáveis."
"200428","500428","Especialista em culinária brasileira e internacional. Preparo jantares especiais e buffet para eventos."
"200429","500429","Eletricista certificado. Atendo emergências, faço laudos e instalações completas seguindo as normas da ABNT."
"200430","500430","Tutoria em matemática e ciências para ensino fundamental. Paciência, didática e resultados comprovados."
"200431","500431","Realizo pintura interna e externa, textura, grafiato e pintura epóxi para pisos. Orçamento sem compromisso."
"200432","500432","Especialista em reformas de banheiros e cozinhas. Acabamento fino e entrega no prazo combinado."
"200433","500433","Cuido de jardins residenciais e condomínios. Aplicação de fertilizantes, controle de pragas e irrigação."
"200434","500434","Ofereço cuidados diurnos e noturnos para idosos. Experiência em pacientes com Alzheimer e doenças crônicas."
"200435","500435","Pet sitter e dog walker com 16 anos de experiência. Cuidado com amor e responsabilidade para cães e gatos."
"200436","500436","Realizo instalações elétricas, troca de fiação, quadros de distribuição e reparos em geral. Atendimento rápido e seguro."
"200437","500437","Profissional de segurança com treinamento em primeiros socorros e defesa pessoal. Disponível 12x36."
"200438","500438","Pedreiro com 14 anos de experiência em reformas residenciais. Assentamento de pisos, revestimentos e alvenaria."
"200439","500439","Especialista em limpeza pós-obra e limpeza pesada. Equipamentos próprios e produtos eficazes para deixar o espaço impecável."
"200440","500440","Trabalho com manutenção elétrica predial e residencial há 13 anos. Preço acessível e serviço de qualidade."
"200441","500441","Porteiro e zelador experiente. Controle de acesso, monitoramento e atendimento ao público com educação."
"200442","500442","Assistência técnica para computadores, impressoras e periféricos. Orçamento gratuito e serviço rápido."
"200443","500443","Eletricista com experiência em energia solar e automação residencial. Atendo toda a cidade e região."
"200444","500444","Cuidador de idosos com 19 anos de experiência. Acompanhamento, higiene, medicação e lazer com carinho."
"200445","500445","Especialista em reformas de banheiros e cozinhas. Acabamento fino e entrega no prazo combinado."
"200446","500446","Vigilante patrimonial com 16 anos de experiência e curso de formação atualizado. Atuação em condomínios e empresas."
"200447","500447","Professor de inglês fluente com experiência no exterior. Aulas para iniciantes, intermediários e avançados."
"200448","500448","Realizo instalações elétricas, troca de fiação, quadros de distribuição e reparos em geral. Atendimento rápido e seguro."
"200449","500449","Especialista em limpeza pós-obra e limpeza pesada. Equipamentos próprios e produtos eficazes para deixar o espaço impecável."
"200450","500450","Eletricista com 9 anos de experiência em instalações residenciais e comerciais. Serviço garantido e com nota fiscal."
"200451","500451","Ofereço transporte executivo e escolar. Veículo próprio, ar-condicionado e CNH válida."
"200452","500452","Ofereço cuidados diurnos e noturnos para idosos. Experiência em pacientes com Alzheimer e doenças crônicas."
"200453","500453","Técnico certificado em redes e segurança da informação. Configuração de firewalls, VPN e backup em nuvem."
"200454","500454","Assistência técnica para computadores, impressoras e periféricos. Orçamento gratuito e serviço rápido."
"200455","500455","Cuido de idosos com amor e profissionalismo. Atividades cognitivas, higiene e companhia diária."
"200456","500456","Jardineiro com 13 anos de experiência. Realizo manutenção de jardins, corte de grama, podas e paisagismo."
"200457","500457","Pintor com especialização em texturas e efeitos decorativos. Transforme seu ambiente com qualidade e criatividade."
"200458","500458","Trabalho com pintura predial, residencial e industrial. Uso materiais de primeira linha e garanto o serviço."
"200459","500459","Porteiro e zelador experiente. Controle de acesso, monitoramento e atendimento ao público com educação."
"200460","500460","Porteiro e zelador experiente. Controle de acesso, monitoramento e atendimento ao público com educação."
"200461","500461","Suporte técnico em TI para empresas e residências. Configuração de redes, servidores e equipamentos."
"200462","500462","Trabalho com manutenção elétrica predial e residencial há 4 anos. Preço acessível e serviço de qualidade."
"200463","500463","Segurança particular com experiência em eventos, casas noturnas e escolta pessoal. Discreto e eficiente."
"200464","500464","Limpeza residencial especializada em apartamentos. Atendo com produtos inclusos e horário flexível."
"200465","500465","Realizo pintura interna e externa, textura, grafiato e pintura epóxi para pisos. Orçamento sem compromisso."
"200466","500466","Pintor profissional com 19 anos de experiência em residências e comércios. Acabamento impecável e prazo cumprido."
"200467","500467","Serviços de pintura com 8 anos de mercado. Atendo residências, escritórios e galpões industriais."
"200468","500468","Trabalho com pintura predial, residencial e industrial. Uso materiais de primeira linha e garanto o serviço."
"200469","500469","Cuidado de pets em domicílio: alimentação, higiene e companhia enquanto você viaja ou trabalha."
"200470","500470","Cuido de jardins residenciais e condomínios. Aplicação de fertilizantes, controle de pragas e irrigação."
"200471","500471","Motorista de aplicativo e particular. Atendo aeroporto, hospitais e viagens intermunicipais."
"200472","500472","Eletricista com experiência em energia solar e automação residencial. Atendo toda a cidade e região."
"200473","500473","Encanador com 13 anos de atuação. Conserto de vazamentos, instalação de pias, vasos e chuveiros com rapidez."
"200474","500474","Banho e tosa profissional a domicílio. Equipamentos próprios e produtos de qualidade para seu pet."
"200475","500475","Pedreiro com 7 anos de experiência em reformas residenciais. Assentamento de pisos, revestimentos e alvenaria."
"200476","500476","Jardineiro com 6 anos de experiência. Realizo manutenção de jardins, corte de grama, podas e paisagismo."
"200477","500477","Tutoria em matemática e ciências para ensino fundamental. Paciência, didática e resultados comprovados."
"200478","500478","Eletricista com experiência em energia solar e automação residencial. Atendo toda a cidade e região."
"200479","500479","Cuidador com formação em enfermagem auxiliar. Administração de medicamentos e acompanhamento médico."
"200480","500480","Transporte de pessoas e cargas leves. Pontualidade e segurança garantidas com 5 anos de experiência."
"200481","500481","Cuido de idosos com amor e profissionalismo. Atividades cognitivas, higiene e companhia diária."
"200482","500482","Chef de cozinha com 18 anos de experiência. Preparo de refeições para eventos, diárias e marmitas."
"200483","500483","Especialista em jardinagem orgânica e hortas urbanas. Crio espaços verdes bonitos e sustentáveis."
"200484","500484","Ofereço serviços de limpeza residencial e comercial com 14 anos de experiência. Referências disponíveis."
"200485","500485","Assistência técnica para computadores, impressoras e periféricos. Orçamento gratuito e serviço rápido."
"200486","500486","Especialista em cuidados paliativos e reabilitação domiciliar. 16 anos de experiência na área."
"200487","500487","Eletricista com 12 anos de experiência em instalações residenciais e comerciais. Serviço garantido e com nota fiscal."
"200488","500488","Cozinheira profissional que atende residências, festas e empresas. Cardápio variado e sob medida."
"200489","500489","Trabalho com hidráulica residencial e comercial. Atendo emergências 24h e cobro preço justo pelo serviço."
"200490","500490","Motorista particular disponível em tempo integral. Habilitação E, experiência com vans e micro-ônibus."
"200491","500491","Técnico certificado em redes e segurança da informação. Configuração de firewalls, VPN e backup em nuvem."
"200492","500492","Especialista em jardinagem orgânica e hortas urbanas. Crio espaços verdes bonitos e sustentáveis."
"200493","500493","Trabalho como personal chef, preparando refeições saudáveis e gostosas para famílias e executivos."
"200494","500494","Pet sitter e dog walker com 19 anos de experiência. Cuidado com amor e responsabilidade para cães e gatos."
"200495","500495","Aulas particulares de português e redação para concursos, ENEM e reforço escolar. Metodologia aprovada."
"200496","500496","Trabalho como cuidadora de idosos e pessoas com necessidades especiais. Curso técnico e referências."
"200497","500497","Mestre de obras com experiência em projetos residenciais e comerciais. Reformas com acompanhamento diário."
"200498","500498","Assistência técnica para computadores, impressoras e periféricos. Orçamento gratuito e serviço rápido."
"200499","500499","Mestre de obras com experiência em projetos residenciais e comerciais. Reformas com acompanhamento diário."
"200500","500500","Porteiro e zelador experiente. Controle de acesso, monitoramento e atendimento ao público com educação."
"200501","500501","Encanador certificado com experiência em projetos residenciais e comerciais. Trabalho limpo e garantido."
"200502","500502","Eletricista com 4 anos de experiência em instalações residenciais e comerciais. Serviço garantido e com nota fiscal."
"200503","500503","Trabalho com manutenção elétrica predial e residencial há 5 anos. Preço acessível e serviço de qualidade."
"200504","500504","Professor de educação física e personal trainer. Aulas de natação, musculação e condicionamento físico."
"200505","500505","Banho e tosa profissional a domicílio. Equipamentos próprios e produtos de qualidade para seu pet."
"200506","500506","Trabalho com limpeza de escritórios, condomínios e residências. Seriedade, eficiência e preço justo."
"200507","500507","Motorista de aplicativo e particular. Atendo aeroporto, hospitais e viagens intermunicipais."
"200508","500508","Suporte técnico em TI para empresas e residências. Configuração de redes, servidores e equipamentos."
"200509","500509","Professor particular com 11 anos de experiência em matemática, física e química para ensino médio e vestibular."
"200510","500510","Especialista em culinária brasileira e internacional. Preparo jantares especiais e buffet para eventos."
"200511","500511","Instalação de tomadas, lâmpadas, ventiladores, ar-condicionado e quadros elétricos. Serviço rápido e com garantia."
"200512","500512","Realizo pintura interna e externa, textura, grafiato e pintura epóxi para pisos. Orçamento sem compromisso."
"200513","500513","Pintor profissional com 13 anos de experiência em residências e comércios. Acabamento impecável e prazo cumprido."
"200514","500514","Motorista de aplicativo e particular. Atendo aeroporto, hospitais e viagens intermunicipais."
"200515","500515","Adestrador de cães com certificação internacional. Correção de comportamento e obediência básica."
"200516","500516","Pintor com especialização em texturas e efeitos decorativos. Transforme seu ambiente com qualidade e criatividade."
"200517","500517","Cuidado de pets em domicílio: alimentação, higiene e companhia enquanto você viaja ou trabalha."
"200518","500518","Trabalho com limpeza de escritórios, condomínios e residências. Seriedade, eficiência e preço justo."
"200519","500519","Realizo limpeza doméstica completa, incluindo faxina, organização e higienização de ambientes. Trabalho com zelo e responsabilidade."
"200520","500520","Professor de inglês fluente com experiência no exterior. Aulas para iniciantes, intermediários e avançados."
"200521","500521","Pedreiro com 7 anos de experiência em reformas residenciais. Assentamento de pisos, revestimentos e alvenaria."
"200522","500522","Realizo instalação e manutenção de sistemas hidráulicos, caixas d'água, bombas e filtros."
"200523","500523","Realizo instalações elétricas, troca de fiação, quadros de distribuição e reparos em geral. Atendimento rápido e seguro."
"200524","500524","Eletricista com experiência em energia solar e automação residencial. Atendo toda a cidade e região."
"200525","500525","Pintor com especialização em texturas e efeitos decorativos. Transforme seu ambiente com qualidade e criatividade."
"200526","500526","Ofereço cuidados diurnos e noturnos para idosos. Experiência em pacientes com Alzheimer e doenças crônicas."
"200527","500527","Trabalho com construção civil e reformas em geral. Equipe experiente e materiais de qualidade."
"200528","500528","Cuidado de pets em domicílio: alimentação, higiene e companhia enquanto você viaja ou trabalha."
"200529","500529","Realizo limpeza doméstica completa, incluindo faxina, organização e higienização de ambientes. Trabalho com zelo e responsabilidade."
"200530","500530","Cuidado de pets em domicílio: alimentação, higiene e companhia enquanto você viaja ou trabalha."
"200531","500531","Vigilante patrimonial com 10 anos de experiência e curso de formação atualizado. Atuação em condomínios e empresas."
"200532","500532","Especialista em cuidados paliativos e reabilitação domiciliar. 15 anos de experiência na área."
"200533","500533","Cuido de idosos com amor e profissionalismo. Atividades cognitivas, higiene e companhia diária."
"200534","500534","Suporte técnico em TI para empresas e residências. Configuração de redes, servidores e equipamentos."
"200535","500535","Cuidado de pets em domicílio: alimentação, higiene e companhia enquanto você viaja ou trabalha."
"200536","500536","Mestre de obras com experiência em projetos residenciais e comerciais. Reformas com acompanhamento diário."
"200537","500537","Jardineiro com formação técnica em paisagismo. Atendo residências, empresas e condomínios."
"200538","500538","Cuido de idosos com amor e profissionalismo. Atividades cognitivas, higiene e companhia diária."
"200539","500539","Realizo limpeza doméstica completa, incluindo faxina, organização e higienização de ambientes. Trabalho com zelo e responsabilidade."
"200540","500540","Chef de cozinha com 2 anos de experiência. Preparo de refeições para eventos, diárias e marmitas."
"200541","500541","Trabalho com pintura predial, residencial e industrial. Uso materiais de primeira linha e garanto o serviço."
"200542","500542","Banho e tosa profissional a domicílio. Equipamentos próprios e produtos de qualidade para seu pet."
"200543","500543","Trabalho com paisagismo e manutenção de áreas verdes. Projeto e execução com plantas nativas e exóticas."
"200544","500544","Ofereço serviços de limpeza residencial e comercial com 15 anos de experiência. Referências disponíveis."
"200545","500545","Serviços hidráulicos em geral: desentupimento, troca de registros, instalação de aquecedores e reparos de tubulação."
"200546","500546","Motorista particular disponível em tempo integral. Habilitação E, experiência com vans e micro-ônibus."
"200547","500547","Transporte de pessoas e cargas leves. Pontualidade e segurança garantidas com 13 anos de experiência."
"200548","500548","Trabalho com manutenção elétrica predial e residencial há 3 anos. Preço acessível e serviço de qualidade."
"200549","500549","Técnico em informática com 16 anos de experiência. Manutenção, formatação, redes e suporte remoto."
"200550","500550","Eletricista certificado. Atendo emergências, faço laudos e instalações completas seguindo as normas da ABNT."
"200551","500551","Técnico certificado em redes e segurança da informação. Configuração de firewalls, VPN e backup em nuvem."
"200552","500552","Professor de educação física e personal trainer. Aulas de natação, musculação e condicionamento físico."
"200553","500553","Jardineiro com 14 anos de experiência. Realizo manutenção de jardins, corte de grama, podas e paisagismo."
"200554","500554","Especialista em limpeza pós-obra e limpeza pesada. Equipamentos próprios e produtos eficazes para deixar o espaço impecável."
"200555","500555","Cuidado de pets em domicílio: alimentação, higiene e companhia enquanto você viaja ou trabalha."
"200556","500556","Professor de inglês fluente com experiência no exterior. Aulas para iniciantes, intermediários e avançados."
"200557","500557","Técnico em informática com 9 anos de experiência. Manutenção, formatação, redes e suporte remoto."
"200558","500558","Técnico certificado em redes e segurança da informação. Configuração de firewalls, VPN e backup em nuvem."
"200559","500559","Motorista particular com 14 anos de habilitação categoria B e D. Pontual, discreto e conhecedor da cidade."
"200560","500560","Jardineiro com formação técnica em paisagismo. Atendo residências, empresas e condomínios."
"200561","500561","Trabalho com pintura predial, residencial e industrial. Uso materiais de primeira linha e garanto o serviço."
"200562","500562","Instalação de tomadas, lâmpadas, ventiladores, ar-condicionado e quadros elétricos. Serviço rápido e com garantia."
"200563","500563","Transporte de pessoas e cargas leves. Pontualidade e segurança garantidas com 8 anos de experiência."
"200564","500564","Adestrador de cães com certificação internacional. Correção de comportamento e obediência básica."
"200565","500565","Professor de educação física e personal trainer. Aulas de natação, musculação e condicionamento físico."
"200566","500566","Pintor profissional com 6 anos de experiência em residências e comércios. Acabamento impecável e prazo cumprido."
"200567","500567","Cuido de jardins residenciais e condomínios. Aplicação de fertilizantes, controle de pragas e irrigação."
"200568","500568","Cozinheira profissional que atende residências, festas e empresas. Cardápio variado e sob medida."
"200569","500569","Encanador certificado com experiência em projetos residenciais e comerciais. Trabalho limpo e garantido."
"200570","500570","Cuido de idosos com amor e profissionalismo. Atividades cognitivas, higiene e companhia diária."
"200571","500571","Especialista em cuidados paliativos e reabilitação domiciliar. 20 anos de experiência na área."
"200572","500572","Vigilante armado certificado pela PF. Experiência em bancos, shoppings e transporte de valores."
"200573","500573","Porteiro e zelador experiente. Controle de acesso, monitoramento e atendimento ao público com educação."
"200574","500574","Cuidador de idosos com 17 anos de experiência. Acompanhamento, higiene, medicação e lazer com carinho."
"200575","500575","Especialista em cuidados paliativos e reabilitação domiciliar. 11 anos de experiência na área."
"200576","500576","Adestrador de cães com certificação internacional. Correção de comportamento e obediência básica."
"200577","500577","Especialista em limpeza pós-obra e limpeza pesada. Equipamentos próprios e produtos eficazes para deixar o espaço impecável."
"200578","500578","Eletricista certificado. Atendo emergências, faço laudos e instalações completas seguindo as normas da ABNT."
"200579","500579","Cuidador de idosos com 3 anos de experiência. Acompanhamento, higiene, medicação e lazer com carinho."
"200580","500580","Trabalho com construção civil e reformas em geral. Equipe experiente e materiais de qualidade."
"200581","500581","Vigilante patrimonial com 18 anos de experiência e curso de formação atualizado. Atuação em condomínios e empresas."
"200582","500582","Especialista em manutenção de notebooks e desktops. Troca de tela, teclado, HD e memória com garantia."
"200583","500583","Motorista particular disponível em tempo integral. Habilitação E, experiência com vans e micro-ônibus."
"200584","500584","Cuido de idosos com amor e profissionalismo. Atividades cognitivas, higiene e companhia diária."
"200585","500585","Especialista em reformas de banheiros e cozinhas. Acabamento fino e entrega no prazo combinado."
"200586","500586","Ofereço transporte executivo e escolar. Veículo próprio, ar-condicionado e CNH válida."
"200587","500587","Cuidador de idosos com 12 anos de experiência. Acompanhamento, higiene, medicação e lazer com carinho."
"200588","500588","Professor particular com 18 anos de experiência em matemática, física e química para ensino médio e vestibular."
"200589","500589","Segurança particular com experiência em eventos, casas noturnas e escolta pessoal. Discreto e eficiente."
"200590","500590","Pintura imobiliária completa: preparação de superfície, massa corrida, selador e tinta de qualidade. Resultado garantido."
"200591","500591","Cuido de idosos com amor e profissionalismo. Atividades cognitivas, higiene e companhia diária."
"200592","500592","Cozinheira profissional que atende residências, festas e empresas. Cardápio variado e sob medida."
"200593","500593","Trabalho com construção civil e reformas em geral. Equipe experiente e materiais de qualidade."
"200594","500594","Suporte técnico em TI para empresas e residências. Configuração de redes, servidores e equipamentos."
"200595","500595","Adestrador de cães com certificação internacional. Correção de comportamento e obediência básica."
"200596","500596","Pedreiro com 19 anos de experiência em reformas residenciais. Assentamento de pisos, revestimentos e alvenaria."
"200597","500597","Profissional de segurança com treinamento em primeiros socorros e defesa pessoal. Disponível 12x36."
"200598","500598","Jardineiro com formação técnica em paisagismo. Atendo residências, empresas e condomínios."
"200599","500599","Pedreiro com 20 anos de experiência em reformas residenciais. Assentamento de pisos, revestimentos e alvenaria."
"200600","500600","Segurança particular com experiência em eventos, casas noturnas e escolta pessoal. Discreto e eficiente."
"200601","500601","Jardineiro com formação técnica em paisagismo. Atendo residências, empresas e condomínios."
"200602","500602","Realizo instalação e manutenção de sistemas hidráulicos, caixas d'água, bombas e filtros."
"200603","500603","Manutenção de gramados, jardins e piscinas. Serviço semanal ou mensal com preço acessível."
"200604","500604","Porteiro e zelador experiente. Controle de acesso, monitoramento e atendimento ao público com educação."
"200605","500605","Vigilante armado certificado pela PF. Experiência em bancos, shoppings e transporte de valores."
"200606","500606","Profissional de segurança com treinamento em primeiros socorros e defesa pessoal. Disponível 12x36."
"200607","500607","Pedreiro com 13 anos de experiência em reformas residenciais. Assentamento de pisos, revestimentos e alvenaria."
"200608","500608","Cuido de jardins residenciais e condomínios. Aplicação de fertilizantes, controle de pragas e irrigação."
"200609","500609","Mestre de obras com experiência em projetos residenciais e comerciais. Reformas com acompanhamento diário."
"200610","500610","Realizo pintura interna e externa, textura, grafiato e pintura epóxi para pisos. Orçamento sem compromisso."
"200611","500611","Eletricista certificado. Atendo emergências, faço laudos e instalações completas seguindo as normas da ABNT."
"200612","500612","Transporte de pessoas e cargas leves. Pontualidade e segurança garantidas com 18 anos de experiência."
"200613","500613","Diarista experiente com ótimas referências. Realizo faxina completa, lavagem de roupas e organização de ambientes."
"200614","500614","Cuidado de pets em domicílio: alimentação, higiene e companhia enquanto você viaja ou trabalha."
"200615","500615","Trabalho como personal chef, preparando refeições saudáveis e gostosas para famílias e executivos."
"200616","500616","Serviços hidráulicos em geral: desentupimento, troca de registros, instalação de aquecedores e reparos de tubulação."
"200617","500617","Tutoria em matemática e ciências para ensino fundamental. Paciência, didática e resultados comprovados."
"200618","500618","Suporte técnico em TI para empresas e residências. Configuração de redes, servidores e equipamentos."
"200619","500619","Cuido de idosos com amor e profissionalismo. Atividades cognitivas, higiene e companhia diária."
"200620","500620","Veterinário com visita domiciliar para consultas, vacinas e exames básicos. Atendimento carinhoso."
"200621","500621","Ofereço transporte executivo e escolar. Veículo próprio, ar-condicionado e CNH válida."
"200622","500622","Veterinário com visita domiciliar para consultas, vacinas e exames básicos. Atendimento carinhoso."
"200623","500623","Realizo pequenas e grandes reformas com responsabilidade e qualidade. 20 anos atendendo na região."
"200624","500624","Cuidador com formação em enfermagem auxiliar. Administração de medicamentos e acompanhamento médico."
"200625","500625","Veterinário com visita domiciliar para consultas, vacinas e exames básicos. Atendimento carinhoso."
"200626","500626","Motorista experiente para executivos e eventos. Veículo próprio de alto padrão e total sigilo."
"200627","500627","Serviços de pintura com 6 anos de mercado. Atendo residências, escritórios e galpões industriais."
"200628","500628","Jardineiro com 17 anos de experiência. Realizo manutenção de jardins, corte de grama, podas e paisagismo."
"200629","500629","Especialista em reformas de banheiros e cozinhas. Acabamento fino e entrega no prazo combinado."
"200630","500630","Aulas de música: violão, teclado e teoria musical. Atendo crianças, jovens e adultos em domicílio."
"200631","500631","Jardineiro com 7 anos de experiência. Realizo manutenção de jardins, corte de grama, podas e paisagismo."
"200632","500632","Especialista em jardinagem orgânica e hortas urbanas. Crio espaços verdes bonitos e sustentáveis."
"200633","500633","Especialista em detecção de vazamentos e reparos de tubulação sem quebra. Tecnologia e experiência de 4 anos."
"200634","500634","Pintor com especialização em texturas e efeitos decorativos. Transforme seu ambiente com qualidade e criatividade."
"200635","500635","Ofereço serviços de limpeza residencial e comercial com 3 anos de experiência. Referências disponíveis."
"200636","500636","Técnico certificado em redes e segurança da informação. Configuração de firewalls, VPN e backup em nuvem."
"200637","500637","Pintor com especialização em texturas e efeitos decorativos. Transforme seu ambiente com qualidade e criatividade."
"200638","500638","Realizo reformas completas: banheiros, cozinhas, fachadas e ampliações. Orçamento detalhado e prazo definido."
"200639","500639","Pedreiro com 12 anos de experiência em reformas residenciais. Assentamento de pisos, revestimentos e alvenaria."
"200640","500640","Banho e tosa profissional a domicílio. Equipamentos próprios e produtos de qualidade para seu pet."
"200641","500641","Especialista em limpeza pós-obra e limpeza pesada. Equipamentos próprios e produtos eficazes para deixar o espaço impecável."
"200642","500642","Aulas particulares de português e redação para concursos, ENEM e reforço escolar. Metodologia aprovada."
"200643","500643","Cuido de idosos com amor e profissionalismo. Atividades cognitivas, higiene e companhia diária."
"200644","500644","Eletricista com 10 anos de experiência em instalações residenciais e comerciais. Serviço garantido e com nota fiscal."
"200645","500645","Realizo pintura interna e externa, textura, grafiato e pintura epóxi para pisos. Orçamento sem compromisso."
"200646","500646","Aulas de música: violão, teclado e teoria musical. Atendo crianças, jovens e adultos em domicílio."
"200647","500647","Técnico em informática com 11 anos de experiência. Manutenção, formatação, redes e suporte remoto."
"200648","500648","Trabalho com pintura predial, residencial e industrial. Uso materiais de primeira linha e garanto o serviço."
"200649","500649","Realizo limpeza doméstica completa, incluindo faxina, organização e higienização de ambientes. Trabalho com zelo e responsabilidade."
"200650","500650","Vigilante armado certificado pela PF. Experiência em bancos, shoppings e transporte de valores."
"200651","500651","Eletricista com 17 anos de experiência em instalações residenciais e comerciais. Serviço garantido e com nota fiscal."
"200652","500652","Ofereço serviço de marmita fitness e dieta. Refeições balanceadas e saborosas entregues na sua porta."
"200653","500653","Vigilante armado certificado pela PF. Experiência em bancos, shoppings e transporte de valores."
"200654","500654","Pintura imobiliária completa: preparação de superfície, massa corrida, selador e tinta de qualidade. Resultado garantido."
"200655","500655","Especialista em jardinagem orgânica e hortas urbanas. Crio espaços verdes bonitos e sustentáveis."
"200656","500656","Especialista em culinária brasileira e internacional. Preparo jantares especiais e buffet para eventos."
"200657","500657","Trabalho como personal chef, preparando refeições saudáveis e gostosas para famílias e executivos."
"200658","500658","Vigilante patrimonial com 18 anos de experiência e curso de formação atualizado. Atuação em condomínios e empresas."
"200659","500659","Pedreiro com 18 anos de experiência em reformas residenciais. Assentamento de pisos, revestimentos e alvenaria."
"200660","500660","Transporte de pessoas e cargas leves. Pontualidade e segurança garantidas com 18 anos de experiência."
"200661","500661","Motorista particular com 14 anos de habilitação categoria B e D. Pontual, discreto e conhecedor da cidade."
"200662","500662","Cuidador de idosos com 14 anos de experiência. Acompanhamento, higiene, medicação e lazer com carinho."
"200663","500663","Trabalho com construção civil e reformas em geral. Equipe experiente e materiais de qualidade."
"200664","500664","Pedreiro com 13 anos de experiência em reformas residenciais. Assentamento de pisos, revestimentos e alvenaria."
"200665","500665","Pintura imobiliária completa: preparação de superfície, massa corrida, selador e tinta de qualidade. Resultado garantido."
"200666","500666","Cuidado de pets em domicílio: alimentação, higiene e companhia enquanto você viaja ou trabalha."
"200667","500667","Encanador com 13 anos de atuação. Conserto de vazamentos, instalação de pias, vasos e chuveiros com rapidez."
"200668","500668","Motorista de aplicativo e particular. Atendo aeroporto, hospitais e viagens intermunicipais."
"200669","500669","Veterinário com visita domiciliar para consultas, vacinas e exames básicos. Atendimento carinhoso."
"200670","500670","Segurança particular com experiência em eventos, casas noturnas e escolta pessoal. Discreto e eficiente."
"200671","500671","Eletricista com experiência em energia solar e automação residencial. Atendo toda a cidade e região."
"200672","500672","Especialista em limpeza pós-obra e limpeza pesada. Equipamentos próprios e produtos eficazes para deixar o espaço impecável."
"200673","500673","Limpeza residencial especializada em apartamentos. Atendo com produtos inclusos e horário flexível."
"200674","500674","Especialista em limpeza pós-obra e limpeza pesada. Equipamentos próprios e produtos eficazes para deixar o espaço impecável."
"200675","500675","Motorista experiente para executivos e eventos. Veículo próprio de alto padrão e total sigilo."
"200676","500676","Ofereço cuidados diurnos e noturnos para idosos. Experiência em pacientes com Alzheimer e doenças crônicas."
"200677","500677","Banho e tosa profissional a domicílio. Equipamentos próprios e produtos de qualidade para seu pet."
"200678","500678","Pedreiro com 12 anos de experiência em reformas residenciais. Assentamento de pisos, revestimentos e alvenaria."
"200679","500679","Jardineiro com 13 anos de experiência. Realizo manutenção de jardins, corte de grama, podas e paisagismo."
"200680","500680","Especialista em manutenção de notebooks e desktops. Troca de tela, teclado, HD e memória com garantia."
"200681","500681","Suporte técnico em TI para empresas e residências. Configuração de redes, servidores e equipamentos."
"200682","500682","Especialista em cuidados paliativos e reabilitação domiciliar. 17 anos de experiência na área."
"200683","500683","Especialista em reformas de banheiros e cozinhas. Acabamento fino e entrega no prazo combinado."
"200684","500684","Pet sitter e dog walker com 15 anos de experiência. Cuidado com amor e responsabilidade para cães e gatos."
"200685","500685","Trabalho com manutenção elétrica predial e residencial há 7 anos. Preço acessível e serviço de qualidade."
"200686","500686","Motorista de aplicativo e particular. Atendo aeroporto, hospitais e viagens intermunicipais."
"200687","500687","Eletricista com 12 anos de experiência em instalações residenciais e comerciais. Serviço garantido e com nota fiscal."
"200688","500688","Porteiro e zelador experiente. Controle de acesso, monitoramento e atendimento ao público com educação."
"200689","500689","Cuido de idosos com amor e profissionalismo. Atividades cognitivas, higiene e companhia diária."
"200690","500690","Encanador certificado com experiência em projetos residenciais e comerciais. Trabalho limpo e garantido."
"200691","500691","Mestre de obras com experiência em projetos residenciais e comerciais. Reformas com acompanhamento diário."
"200692","500692","Professor de inglês fluente com experiência no exterior. Aulas para iniciantes, intermediários e avançados."
"200693","500693","Jardineiro com formação técnica em paisagismo. Atendo residências, empresas e condomínios."
"200694","500694","Eletricista com experiência em energia solar e automação residencial. Atendo toda a cidade e região."
"200695","500695","Especialista em reformas de banheiros e cozinhas. Acabamento fino e entrega no prazo combinado."
"200696","500696","Realizo limpeza doméstica completa, incluindo faxina, organização e higienização de ambientes. Trabalho com zelo e responsabilidade."
"200697","500697","Realizo limpeza doméstica completa, incluindo faxina, organização e higienização de ambientes. Trabalho com zelo e responsabilidade."
"200698","500698","Pintura imobiliária completa: preparação de superfície, massa corrida, selador e tinta de qualidade. Resultado garantido."
"200699","500699","Mestre de obras com experiência em projetos residenciais e comerciais. Reformas com acompanhamento diário."
"200700","500700","Trabalho com limpeza de escritórios, condomínios e residências. Seriedade, eficiência e preço justo."
"200701","500701","Profissional de segurança com treinamento em primeiros socorros e defesa pessoal. Disponível 12x36."
"200702","500702","Mestre de obras com experiência em projetos residenciais e comerciais. Reformas com acompanhamento diário."
"200703","500703","Cozinheira profissional que atende residências, festas e empresas. Cardápio variado e sob medida."
"200704","500704","Mestre de obras com experiência em projetos residenciais e comerciais. Reformas com acompanhamento diário."
"200705","500705","Porteiro e zelador experiente. Controle de acesso, monitoramento e atendimento ao público com educação."
"200706","500706","Eletricista com 7 anos de experiência em instalações residenciais e comerciais. Serviço garantido e com nota fiscal."
"200707","500707","Cuido de idosos com amor e profissionalismo. Atividades cognitivas, higiene e companhia diária."
"200708","500708","Motorista particular com 10 anos de habilitação categoria B e D. Pontual, discreto e conhecedor da cidade."
"200709","500709","Adestrador de cães com certificação internacional. Correção de comportamento e obediência básica."
"200710","500710","Serviços de pintura com 11 anos de mercado. Atendo residências, escritórios e galpões industriais."
"200711","500711","Tutoria em matemática e ciências para ensino fundamental. Paciência, didática e resultados comprovados."
"200712","500712","Realizo instalações elétricas, troca de fiação, quadros de distribuição e reparos em geral. Atendimento rápido e seguro."
"200713","500713","Trabalho como cuidadora de idosos e pessoas com necessidades especiais. Curso técnico e referências."
"200714","500714","Eletricista com experiência em energia solar e automação residencial. Atendo toda a cidade e região."
"200715","500715","Porteiro e zelador experiente. Controle de acesso, monitoramento e atendimento ao público com educação."
"200716","500716","Transporte de pessoas e cargas leves. Pontualidade e segurança garantidas com 11 anos de experiência."
"200717","500717","Cuido de jardins residenciais e condomínios. Aplicação de fertilizantes, controle de pragas e irrigação."
"200718","500718","Adestrador de cães com certificação internacional. Correção de comportamento e obediência básica."
"200719","500719","Pintor profissional com 8 anos de experiência em residências e comércios. Acabamento impecável e prazo cumprido."
"200720","500720","Banho e tosa profissional a domicílio. Equipamentos próprios e produtos de qualidade para seu pet."
"200721","500721","Veterinário com visita domiciliar para consultas, vacinas e exames básicos. Atendimento carinhoso."
"200722","500722","Especialista em reformas de banheiros e cozinhas. Acabamento fino e entrega no prazo combinado."
"200723","500723","Mestre de obras com experiência em projetos residenciais e comerciais. Reformas com acompanhamento diário."
"200724","500724","Realizo instalação e manutenção de sistemas hidráulicos, caixas d'água, bombas e filtros."
"200725","500725","Eletricista certificado. Atendo emergências, faço laudos e instalações completas seguindo as normas da ABNT."
"200726","500726","Professor de educação física e personal trainer. Aulas de natação, musculação e condicionamento físico."
"200727","500727","Motorista experiente para executivos e eventos. Veículo próprio de alto padrão e total sigilo."
"200728","500728","Chef de cozinha com 6 anos de experiência. Preparo de refeições para eventos, diárias e marmitas."
"200729","500729","Realizo pequenas e grandes reformas com responsabilidade e qualidade. 4 anos atendendo na região."
"200730","500730","Cuidador com formação em enfermagem auxiliar. Administração de medicamentos e acompanhamento médico."
"200731","500731","Realizo reformas completas: banheiros, cozinhas, fachadas e ampliações. Orçamento detalhado e prazo definido."
"200732","500732","Vigilante armado certificado pela PF. Experiência em bancos, shoppings e transporte de valores."
"200733","500733","Banho e tosa profissional a domicílio. Equipamentos próprios e produtos de qualidade para seu pet."
"200734","500734","Motorista particular com 5 anos de habilitação categoria B e D. Pontual, discreto e conhecedor da cidade."
"200735","500735","Ofereço transporte executivo e escolar. Veículo próprio, ar-condicionado e CNH válida."
"200736","500736","Serviços hidráulicos em geral: desentupimento, troca de registros, instalação de aquecedores e reparos de tubulação."
"200737","500737","Aulas particulares de português e redação para concursos, ENEM e reforço escolar. Metodologia aprovada."
"200738","500738","Motorista de aplicativo e particular. Atendo aeroporto, hospitais e viagens intermunicipais."
"200739","500739","Cuido de jardins residenciais e condomínios. Aplicação de fertilizantes, controle de pragas e irrigação."
"200740","500740","Cuido de jardins residenciais e condomínios. Aplicação de fertilizantes, controle de pragas e irrigação."
"200741","500741","Ofereço serviço de marmita fitness e dieta. Refeições balanceadas e saborosas entregues na sua porta."
"200742","500742","Motorista particular disponível em tempo integral. Habilitação E, experiência com vans e micro-ônibus."
"200743","500743","Ofereço serviço de marmita fitness e dieta. Refeições balanceadas e saborosas entregues na sua porta."
"200744","500744","Encanador certificado com experiência em projetos residenciais e comerciais. Trabalho limpo e garantido."
"200745","500745","Chef de cozinha com 2 anos de experiência. Preparo de refeições para eventos, diárias e marmitas."
"200746","500746","Eletricista com 20 anos de experiência em instalações residenciais e comerciais. Serviço garantido e com nota fiscal."
"200747","500747","Jardineiro com formação técnica em paisagismo. Atendo residências, empresas e condomínios."
"200748","500748","Cuidado de pets em domicílio: alimentação, higiene e companhia enquanto você viaja ou trabalha."
"200749","500749","Doceira profissional especializada em bolos, tortas e doces finos para casamentos e eventos."
"200750","500750","Especialista em cuidados paliativos e reabilitação domiciliar. 19 anos de experiência na área."
"200751","500751","Jardineiro com formação técnica em paisagismo. Atendo residências, empresas e condomínios."
"200752","500752","Trabalho como cuidadora de idosos e pessoas com necessidades especiais. Curso técnico e referências."
"200753","500753","Especialista em jardinagem orgânica e hortas urbanas. Crio espaços verdes bonitos e sustentáveis."
"200754","500754","Professor particular com 7 anos de experiência em matemática, física e química para ensino médio e vestibular."
"200755","500755","Cuidador com formação em enfermagem auxiliar. Administração de medicamentos e acompanhamento médico."
"200756","500756","Trabalho como cuidadora de idosos e pessoas com necessidades especiais. Curso técnico e referências."
"200757","500757","Cozinheira profissional que atende residências, festas e empresas. Cardápio variado e sob medida."
"200758","500758","Professor de inglês fluente com experiência no exterior. Aulas para iniciantes, intermediários e avançados."
"200759","500759","Realizo formatação de computadores, instalação de sistemas e limpeza de vírus. Atendimento domiciliar rápido."
"200760","500760","Transporte de pessoas e cargas leves. Pontualidade e segurança garantidas com 5 anos de experiência."
"200761","500761","Realizo reformas completas: banheiros, cozinhas, fachadas e ampliações. Orçamento detalhado e prazo definido."
"200762","500762","Eletricista certificado. Atendo emergências, faço laudos e instalações completas seguindo as normas da ABNT."
"200763","500763","Realizo pintura interna e externa, textura, grafiato e pintura epóxi para pisos. Orçamento sem compromisso."
"200764","500764","Especialista em limpeza pós-obra e limpeza pesada. Equipamentos próprios e produtos eficazes para deixar o espaço impecável."
"200765","500765","Trabalho como personal chef, preparando refeições saudáveis e gostosas para famílias e executivos."
"200766","500766","Trabalho com hidráulica residencial e comercial. Atendo emergências 24h e cobro preço justo pelo serviço."
"200767","500767","Professor de inglês fluente com experiência no exterior. Aulas para iniciantes, intermediários e avançados."
"200768","500768","Banho e tosa profissional a domicílio. Equipamentos próprios e produtos de qualidade para seu pet."
"200769","500769","Motorista experiente para executivos e eventos. Veículo próprio de alto padrão e total sigilo."
"200770","500770","Especialista em jardinagem orgânica e hortas urbanas. Crio espaços verdes bonitos e sustentáveis."
"200771","500771","Trabalho com manutenção elétrica predial e residencial há 18 anos. Preço acessível e serviço de qualidade."
"200772","500772","Trabalho como cuidadora de idosos e pessoas com necessidades especiais. Curso técnico e referências."
"200773","500773","Especialista em culinária brasileira e internacional. Preparo jantares especiais e buffet para eventos."
"200774","500774","Especialista em limpeza pós-obra e limpeza pesada. Equipamentos próprios e produtos eficazes para deixar o espaço impecável."
"200775","500775","Doceira profissional especializada em bolos, tortas e doces finos para casamentos e eventos."
"200776","500776","Manutenção de gramados, jardins e piscinas. Serviço semanal ou mensal com preço acessível."
"200777","500777","Trabalho com manutenção elétrica predial e residencial há 6 anos. Preço acessível e serviço de qualidade."
"200778","500778","Jardineiro com formação técnica em paisagismo. Atendo residências, empresas e condomínios."
"200779","500779","Veterinário com visita domiciliar para consultas, vacinas e exames básicos. Atendimento carinhoso."
"200780","500780","Ofereço serviços de limpeza residencial e comercial com 3 anos de experiência. Referências disponíveis."
"200781","500781","Ofereço serviço de marmita fitness e dieta. Refeições balanceadas e saborosas entregues na sua porta."
"200782","500782","Especialista em reformas de banheiros e cozinhas. Acabamento fino e entrega no prazo combinado."
"200783","500783","Trabalho com manutenção elétrica predial e residencial há 18 anos. Preço acessível e serviço de qualidade."
"200784","500784","Cuido de idosos com amor e profissionalismo. Atividades cognitivas, higiene e companhia diária."
"200785","500785","Doceira profissional especializada em bolos, tortas e doces finos para casamentos e eventos."
"200786","500786","Encanador com 14 anos de atuação. Conserto de vazamentos, instalação de pias, vasos e chuveiros com rapidez."
"200787","500787","Trabalho com construção civil e reformas em geral. Equipe experiente e materiais de qualidade."
"200788","500788","Realizo reformas completas: banheiros, cozinhas, fachadas e ampliações. Orçamento detalhado e prazo definido."
"200789","500789","Ofereço serviço de marmita fitness e dieta. Refeições balanceadas e saborosas entregues na sua porta."
"200790","500790","Motorista particular com 3 anos de habilitação categoria B e D. Pontual, discreto e conhecedor da cidade."
"200791","500791","Realizo limpeza doméstica completa, incluindo faxina, organização e higienização de ambientes. Trabalho com zelo e responsabilidade."
"200792","500792","Veterinário com visita domiciliar para consultas, vacinas e exames básicos. Atendimento carinhoso."
"200793","500793","Trabalho como cuidadora de idosos e pessoas com necessidades especiais. Curso técnico e referências."
"200794","500794","Trabalho com hidráulica residencial e comercial. Atendo emergências 24h e cobro preço justo pelo serviço."
"200795","500795","Especialista em detecção de vazamentos e reparos de tubulação sem quebra. Tecnologia e experiência de 11 anos."
"200796","500796","Especialista em culinária brasileira e internacional. Preparo jantares especiais e buffet para eventos."
"200797","500797","Transporte de pessoas e cargas leves. Pontualidade e segurança garantidas com 17 anos de experiência."
"200798","500798","Aulas de música: violão, teclado e teoria musical. Atendo crianças, jovens e adultos em domicílio."
"200799","500799","Cuidador de idosos com 13 anos de experiência. Acompanhamento, higiene, medicação e lazer com carinho."
"200800","500800","Realizo pequenas e grandes reformas com responsabilidade e qualidade. 5 anos atendendo na região."
"200801","500801","Técnico certificado em redes e segurança da informação. Configuração de firewalls, VPN e backup em nuvem."
"200802","500802","Pet sitter e dog walker com 17 anos de experiência. Cuidado com amor e responsabilidade para cães e gatos."
"200803","500803","Jardineiro com formação técnica em paisagismo. Atendo residências, empresas e condomínios."
"200804","500804","Cozinheira profissional que atende residências, festas e empresas. Cardápio variado e sob medida."
"200805","500805","Trabalho como personal chef, preparando refeições saudáveis e gostosas para famílias e executivos."
"200806","500806","Motorista particular disponível em tempo integral. Habilitação E, experiência com vans e micro-ônibus."
"200807","500807","Encanador certificado com experiência em projetos residenciais e comerciais. Trabalho limpo e garantido."
"200808","500808","Trabalho com limpeza de escritórios, condomínios e residências. Seriedade, eficiência e preço justo."
"200809","500809","Pintor profissional com 16 anos de experiência em residências e comércios. Acabamento impecável e prazo cumprido."
"200810","500810","Mestre de obras com experiência em projetos residenciais e comerciais. Reformas com acompanhamento diário."
"200811","500811","Assistência técnica para computadores, impressoras e periféricos. Orçamento gratuito e serviço rápido."
"200812","500812","Técnico certificado em redes e segurança da informação. Configuração de firewalls, VPN e backup em nuvem."
"200813","500813","Professor de educação física e personal trainer. Aulas de natação, musculação e condicionamento físico."
"200814","500814","Aulas particulares de português e redação para concursos, ENEM e reforço escolar. Metodologia aprovada."
"200815","500815","Serviços de pintura com 12 anos de mercado. Atendo residências, escritórios e galpões industriais."
"200816","500816","Profissional de segurança com treinamento em primeiros socorros e defesa pessoal. Disponível 12x36."
"200817","500817","Suporte técnico em TI para empresas e residências. Configuração de redes, servidores e equipamentos."
"200818","500818","Cuido de idosos com amor e profissionalismo. Atividades cognitivas, higiene e companhia diária."
"200819","500819","Motorista de aplicativo e particular. Atendo aeroporto, hospitais e viagens intermunicipais."
"200820","500820","Trabalho como personal chef, preparando refeições saudáveis e gostosas para famílias e executivos."
"200821","500821","Trabalho com pintura predial, residencial e industrial. Uso materiais de primeira linha e garanto o serviço."
"200822","500822","Cuido de jardins residenciais e condomínios. Aplicação de fertilizantes, controle de pragas e irrigação."
"200823","500823","Adestrador de cães com certificação internacional. Correção de comportamento e obediência básica."
"200824","500824","Professor de educação física e personal trainer. Aulas de natação, musculação e condicionamento físico."
"200825","500825","Mestre de obras com experiência em projetos residenciais e comerciais. Reformas com acompanhamento diário."
"200826","500826","Motorista particular disponível em tempo integral. Habilitação E, experiência com vans e micro-ônibus."
"200827","500827","Jardineiro com 20 anos de experiência. Realizo manutenção de jardins, corte de grama, podas e paisagismo."
"200828","500828","Vigilante armado certificado pela PF. Experiência em bancos, shoppings e transporte de valores."
"200829","500829","Suporte técnico em TI para empresas e residências. Configuração de redes, servidores e equipamentos."
"200830","500830","Jardineiro com 11 anos de experiência. Realizo manutenção de jardins, corte de grama, podas e paisagismo."
"200831","500831","Professor particular com 13 anos de experiência em matemática, física e química para ensino médio e vestibular."
"200832","500832","Especialista em cuidados paliativos e reabilitação domiciliar. 10 anos de experiência na área."
"200833","500833","Tutoria em matemática e ciências para ensino fundamental. Paciência, didática e resultados comprovados."
"200834","500834","Serviços de pintura com 10 anos de mercado. Atendo residências, escritórios e galpões industriais."
"200835","500835","Motorista particular disponível em tempo integral. Habilitação E, experiência com vans e micro-ônibus."
"200836","500836","Encanador com 20 anos de atuação. Conserto de vazamentos, instalação de pias, vasos e chuveiros com rapidez."
"200837","500837","Realizo pintura interna e externa, textura, grafiato e pintura epóxi para pisos. Orçamento sem compromisso."
"200838","500838","Vigilante armado certificado pela PF. Experiência em bancos, shoppings e transporte de valores."
"200839","500839","Segurança particular com experiência em eventos, casas noturnas e escolta pessoal. Discreto e eficiente."
"200840","500840","Trabalho com manutenção elétrica predial e residencial há 12 anos. Preço acessível e serviço de qualidade."
"200841","500841","Tutoria em matemática e ciências para ensino fundamental. Paciência, didática e resultados comprovados."
"200842","500842","Segurança particular com experiência em eventos, casas noturnas e escolta pessoal. Discreto e eficiente."
"200843","500843","Ofereço transporte executivo e escolar. Veículo próprio, ar-condicionado e CNH válida."
"200844","500844","Profissional de segurança com treinamento em primeiros socorros e defesa pessoal. Disponível 12x36."
"200845","500845","Segurança particular com experiência em eventos, casas noturnas e escolta pessoal. Discreto e eficiente."
"200846","500846","Trabalho com construção civil e reformas em geral. Equipe experiente e materiais de qualidade."
"200847","500847","Pet sitter e dog walker com 20 anos de experiência. Cuidado com amor e responsabilidade para cães e gatos."
"200848","500848","Serviços de pintura com 3 anos de mercado. Atendo residências, escritórios e galpões industriais."
"200849","500849","Especialista em detecção de vazamentos e reparos de tubulação sem quebra. Tecnologia e experiência de 7 anos."
"200850","500850","Limpeza residencial especializada em apartamentos. Atendo com produtos inclusos e horário flexível."
"200851","500851","Veterinário com visita domiciliar para consultas, vacinas e exames básicos. Atendimento carinhoso."
"200852","500852","Professor de inglês fluente com experiência no exterior. Aulas para iniciantes, intermediários e avançados."
"200853","500853","Especialista em limpeza pós-obra e limpeza pesada. Equipamentos próprios e produtos eficazes para deixar o espaço impecável."
"200854","500854","Chef de cozinha com 12 anos de experiência. Preparo de refeições para eventos, diárias e marmitas."
"200855","500855","Especialista em jardinagem orgânica e hortas urbanas. Crio espaços verdes bonitos e sustentáveis."
"200856","500856","Motorista experiente para executivos e eventos. Veículo próprio de alto padrão e total sigilo."
"200857","500857","Motorista experiente para executivos e eventos. Veículo próprio de alto padrão e total sigilo."
"200858","500858","Pintor profissional com 12 anos de experiência em residências e comércios. Acabamento impecável e prazo cumprido."
"200859","500859","Encanador certificado com experiência em projetos residenciais e comerciais. Trabalho limpo e garantido."
"200860","500860","Porteiro e zelador experiente. Controle de acesso, monitoramento e atendimento ao público com educação."
"200861","500861","Diarista experiente com ótimas referências. Realizo faxina completa, lavagem de roupas e organização de ambientes."
"200862","500862","Adestrador de cães com certificação internacional. Correção de comportamento e obediência básica."
"200863","500863","Segurança particular com experiência em eventos, casas noturnas e escolta pessoal. Discreto e eficiente."
"200864","500864","Doceira profissional especializada em bolos, tortas e doces finos para casamentos e eventos."
"200865","500865","Técnico certificado em redes e segurança da informação. Configuração de firewalls, VPN e backup em nuvem."
"200866","500866","Trabalho com manutenção elétrica predial e residencial há 5 anos. Preço acessível e serviço de qualidade."
"200867","500867","Serviços hidráulicos em geral: desentupimento, troca de registros, instalação de aquecedores e reparos de tubulação."
"200868","500868","Realizo reformas completas: banheiros, cozinhas, fachadas e ampliações. Orçamento detalhado e prazo definido."
"200869","500869","Especialista em jardinagem orgânica e hortas urbanas. Crio espaços verdes bonitos e sustentáveis."
"200870","500870","Ofereço cuidados diurnos e noturnos para idosos. Experiência em pacientes com Alzheimer e doenças crônicas."
"200871","500871","Manutenção de gramados, jardins e piscinas. Serviço semanal ou mensal com preço acessível."
"200872","500872","Especialista em limpeza pós-obra e limpeza pesada. Equipamentos próprios e produtos eficazes para deixar o espaço impecável."
"200873","500873","Aulas particulares de português e redação para concursos, ENEM e reforço escolar. Metodologia aprovada."
"200874","500874","Vigilante patrimonial com 16 anos de experiência e curso de formação atualizado. Atuação em condomínios e empresas."
"200875","500875","Cuido de jardins residenciais e condomínios. Aplicação de fertilizantes, controle de pragas e irrigação."
"200876","500876","Vigilante armado certificado pela PF. Experiência em bancos, shoppings e transporte de valores."
"200877","500877","Professor particular com 11 anos de experiência em matemática, física e química para ensino médio e vestibular."
"200878","500878","Especialista em reformas de banheiros e cozinhas. Acabamento fino e entrega no prazo combinado."
"200879","500879","Realizo pintura interna e externa, textura, grafiato e pintura epóxi para pisos. Orçamento sem compromisso."
"200880","500880","Especialista em detecção de vazamentos e reparos de tubulação sem quebra. Tecnologia e experiência de 13 anos."
"200881","500881","Assistência técnica para computadores, impressoras e periféricos. Orçamento gratuito e serviço rápido."
"200882","500882","Cuido de idosos com amor e profissionalismo. Atividades cognitivas, higiene e companhia diária."
"200883","500883","Banho e tosa profissional a domicílio. Equipamentos próprios e produtos de qualidade para seu pet."
"200884","500884","Motorista experiente para executivos e eventos. Veículo próprio de alto padrão e total sigilo."
"200885","500885","Professor de inglês fluente com experiência no exterior. Aulas para iniciantes, intermediários e avançados."
"200886","500886","Chef de cozinha com 3 anos de experiência. Preparo de refeições para eventos, diárias e marmitas."
"200887","500887","Transporte de pessoas e cargas leves. Pontualidade e segurança garantidas com 8 anos de experiência."
"200888","500888","Ofereço serviço de marmita fitness e dieta. Refeições balanceadas e saborosas entregues na sua porta."
"200889","500889","Trabalho com hidráulica residencial e comercial. Atendo emergências 24h e cobro preço justo pelo serviço."
"200890","500890","Cuidador de idosos com 8 anos de experiência. Acompanhamento, higiene, medicação e lazer com carinho."
"200891","500891","Aulas de música: violão, teclado e teoria musical. Atendo crianças, jovens e adultos em domicílio."
"200892","500892","Instalação de tomadas, lâmpadas, ventiladores, ar-condicionado e quadros elétricos. Serviço rápido e com garantia."
"200893","500893","Pet sitter e dog walker com 16 anos de experiência. Cuidado com amor e responsabilidade para cães e gatos."
"200894","500894","Realizo instalação e manutenção de sistemas hidráulicos, caixas d'água, bombas e filtros."
"200895","500895","Cuido de idosos com amor e profissionalismo. Atividades cognitivas, higiene e companhia diária."
"200896","500896","Motorista experiente para executivos e eventos. Veículo próprio de alto padrão e total sigilo."
"200897","500897","Professor particular com 14 anos de experiência em matemática, física e química para ensino médio e vestibular."
"200898","500898","Jardineiro com 8 anos de experiência. Realizo manutenção de jardins, corte de grama, podas e paisagismo."
"200899","500899","Chef de cozinha com 3 anos de experiência. Preparo de refeições para eventos, diárias e marmitas."
"200900","500900","Suporte técnico em TI para empresas e residências. Configuração de redes, servidores e equipamentos."
"200901","500901","Motorista particular com 4 anos de habilitação categoria B e D. Pontual, discreto e conhecedor da cidade."
"200902","500902","Cuidador de idosos com 11 anos de experiência. Acompanhamento, higiene, medicação e lazer com carinho."
"200903","500903","Realizo formatação de computadores, instalação de sistemas e limpeza de vírus. Atendimento domiciliar rápido."
"200904","500904","Veterinário com visita domiciliar para consultas, vacinas e exames básicos. Atendimento carinhoso."
"200905","500905","Especialista em manutenção de notebooks e desktops. Troca de tela, teclado, HD e memória com garantia."
"200906","500906","Técnico em informática com 19 anos de experiência. Manutenção, formatação, redes e suporte remoto."
"200907","500907","Encanador certificado com experiência em projetos residenciais e comerciais. Trabalho limpo e garantido."
"200908","500908","Realizo instalações elétricas, troca de fiação, quadros de distribuição e reparos em geral. Atendimento rápido e seguro."
"200909","500909","Técnico certificado em redes e segurança da informação. Configuração de firewalls, VPN e backup em nuvem."
"200910","500910","Aulas particulares de português e redação para concursos, ENEM e reforço escolar. Metodologia aprovada."
"200911","500911","Pet sitter e dog walker com 11 anos de experiência. Cuidado com amor e responsabilidade para cães e gatos."
"200912","500912","Especialista em cuidados paliativos e reabilitação domiciliar. 19 anos de experiência na área."
"200913","500913","Técnico certificado em redes e segurança da informação. Configuração de firewalls, VPN e backup em nuvem."
"200914","500914","Realizo pintura interna e externa, textura, grafiato e pintura epóxi para pisos. Orçamento sem compromisso."
"200915","500915","Realizo reformas completas: banheiros, cozinhas, fachadas e ampliações. Orçamento detalhado e prazo definido."
"200916","500916","Pintura imobiliária completa: preparação de superfície, massa corrida, selador e tinta de qualidade. Resultado garantido."
"200917","500917","Limpeza residencial especializada em apartamentos. Atendo com produtos inclusos e horário flexível."
"200918","500918","Chef de cozinha com 9 anos de experiência. Preparo de refeições para eventos, diárias e marmitas."
"200919","500919","Pintor profissional com 5 anos de experiência em residências e comércios. Acabamento impecável e prazo cumprido."
"200920","500920","Chef de cozinha com 16 anos de experiência. Preparo de refeições para eventos, diárias e marmitas."
"200921","500921","Doceira profissional especializada em bolos, tortas e doces finos para casamentos e eventos."
"200922","500922","Pintura imobiliária completa: preparação de superfície, massa corrida, selador e tinta de qualidade. Resultado garantido."
"200923","500923","Especialista em manutenção de notebooks e desktops. Troca de tela, teclado, HD e memória com garantia."
"200924","500924","Ofereço transporte executivo e escolar. Veículo próprio, ar-condicionado e CNH válida."
"200925","500925","Realizo instalação e manutenção de sistemas hidráulicos, caixas d'água, bombas e filtros."
"200926","500926","Pintura imobiliária completa: preparação de superfície, massa corrida, selador e tinta de qualidade. Resultado garantido."
"200927","500927","Especialista em reformas de banheiros e cozinhas. Acabamento fino e entrega no prazo combinado."
"200928","500928","Trabalho com pintura predial, residencial e industrial. Uso materiais de primeira linha e garanto o serviço."
"200929","500929","Vigilante armado certificado pela PF. Experiência em bancos, shoppings e transporte de valores."
"200930","500930","Suporte técnico em TI para empresas e residências. Configuração de redes, servidores e equipamentos."
"200931","500931","Trabalho com limpeza de escritórios, condomínios e residências. Seriedade, eficiência e preço justo."
"200932","500932","Aulas particulares de português e redação para concursos, ENEM e reforço escolar. Metodologia aprovada."
"200933","500933","Motorista experiente para executivos e eventos. Veículo próprio de alto padrão e total sigilo."
"200934","500934","Realizo pequenas e grandes reformas com responsabilidade e qualidade. 14 anos atendendo na região."
"200935","500935","Cuidado de pets em domicílio: alimentação, higiene e companhia enquanto você viaja ou trabalha."
"200936","500936","Tutoria em matemática e ciências para ensino fundamental. Paciência, didática e resultados comprovados."
"200937","500937","Trabalho com hidráulica residencial e comercial. Atendo emergências 24h e cobro preço justo pelo serviço."
"200938","500938","Realizo instalação e manutenção de sistemas hidráulicos, caixas d'água, bombas e filtros."
"200939","500939","Realizo pintura interna e externa, textura, grafiato e pintura epóxi para pisos. Orçamento sem compromisso."
"200940","500940","Aulas particulares de português e redação para concursos, ENEM e reforço escolar. Metodologia aprovada."
"200941","500941","Trabalho com limpeza de escritórios, condomínios e residências. Seriedade, eficiência e preço justo."
"200942","500942","Técnico certificado em redes e segurança da informação. Configuração de firewalls, VPN e backup em nuvem."
"200943","500943","Especialista em detecção de vazamentos e reparos de tubulação sem quebra. Tecnologia e experiência de 9 anos."
"200944","500944","Cuido de jardins residenciais e condomínios. Aplicação de fertilizantes, controle de pragas e irrigação."
"200945","500945","Vigilante patrimonial com 16 anos de experiência e curso de formação atualizado. Atuação em condomínios e empresas."
"200946","500946","Pedreiro com 19 anos de experiência em reformas residenciais. Assentamento de pisos, revestimentos e alvenaria."
"200947","500947","Aulas particulares de português e redação para concursos, ENEM e reforço escolar. Metodologia aprovada."
"200948","500948","Especialista em jardinagem orgânica e hortas urbanas. Crio espaços verdes bonitos e sustentáveis."
"200949","500949","Realizo instalações elétricas, troca de fiação, quadros de distribuição e reparos em geral. Atendimento rápido e seguro."
"200950","500950","Professor de educação física e personal trainer. Aulas de natação, musculação e condicionamento físico."
"200951","500951","Pintor com especialização em texturas e efeitos decorativos. Transforme seu ambiente com qualidade e criatividade."
"200952","500952","Trabalho com construção civil e reformas em geral. Equipe experiente e materiais de qualidade."
"200953","500953","Realizo pintura interna e externa, textura, grafiato e pintura epóxi para pisos. Orçamento sem compromisso."
"200954","500954","Tutoria em matemática e ciências para ensino fundamental. Paciência, didática e resultados comprovados."
"200955","500955","Aulas de música: violão, teclado e teoria musical. Atendo crianças, jovens e adultos em domicílio."
"200956","500956","Realizo formatação de computadores, instalação de sistemas e limpeza de vírus. Atendimento domiciliar rápido."
"200957","500957","Trabalho com construção civil e reformas em geral. Equipe experiente e materiais de qualidade."
"200958","500958","Cuido de idosos com amor e profissionalismo. Atividades cognitivas, higiene e companhia diária."
"200959","500959","Trabalho com paisagismo e manutenção de áreas verdes. Projeto e execução com plantas nativas e exóticas."
"200960","500960","Motorista experiente para executivos e eventos. Veículo próprio de alto padrão e total sigilo."
"200961","500961","Eletricista com experiência em energia solar e automação residencial. Atendo toda a cidade e região."
"200962","500962","Adestrador de cães com certificação internacional. Correção de comportamento e obediência básica."
"200963","500963","Trabalho com construção civil e reformas em geral. Equipe experiente e materiais de qualidade."
"200964","500964","Trabalho com limpeza de escritórios, condomínios e residências. Seriedade, eficiência e preço justo."
"200965","500965","Aulas particulares de português e redação para concursos, ENEM e reforço escolar. Metodologia aprovada."
"200966","500966","Manutenção de gramados, jardins e piscinas. Serviço semanal ou mensal com preço acessível."
"200967","500967","Doceira profissional especializada em bolos, tortas e doces finos para casamentos e eventos."
"200968","500968","Cuido de jardins residenciais e condomínios. Aplicação de fertilizantes, controle de pragas e irrigação."
"200969","500969","Realizo reformas completas: banheiros, cozinhas, fachadas e ampliações. Orçamento detalhado e prazo definido."
"200970","500970","Cozinheira profissional que atende residências, festas e empresas. Cardápio variado e sob medida."
"200971","500971","Motorista particular disponível em tempo integral. Habilitação E, experiência com vans e micro-ônibus."
"200972","500972","Especialista em jardinagem orgânica e hortas urbanas. Crio espaços verdes bonitos e sustentáveis."
"200973","500973","Trabalho como cuidadora de idosos e pessoas com necessidades especiais. Curso técnico e referências."
"200974","500974","Serviços hidráulicos em geral: desentupimento, troca de registros, instalação de aquecedores e reparos de tubulação."
"200975","500975","Trabalho como cuidadora de idosos e pessoas com necessidades especiais. Curso técnico e referências."
"200976","500976","Vigilante patrimonial com 18 anos de experiência e curso de formação atualizado. Atuação em condomínios e empresas."
"200977","500977","Limpeza residencial especializada em apartamentos. Atendo com produtos inclusos e horário flexível."
"200978","500978","Vigilante patrimonial com 2 anos de experiência e curso de formação atualizado. Atuação em condomínios e empresas."
"200979","500979","Realizo formatação de computadores, instalação de sistemas e limpeza de vírus. Atendimento domiciliar rápido."
"200980","500980","Eletricista com experiência em energia solar e automação residencial. Atendo toda a cidade e região."
"200981","500981","Realizo limpeza doméstica completa, incluindo faxina, organização e higienização de ambientes. Trabalho com zelo e responsabilidade."
"200982","500982","Ofereço cuidados diurnos e noturnos para idosos. Experiência em pacientes com Alzheimer e doenças crônicas."
"200983","500983","Doceira profissional especializada em bolos, tortas e doces finos para casamentos e eventos."
"200984","500984","Profissional de segurança com treinamento em primeiros socorros e defesa pessoal. Disponível 12x36."
"200985","500985","Trabalho com limpeza de escritórios, condomínios e residências. Seriedade, eficiência e preço justo."
"200986","500986","Técnico em informática com 2 anos de experiência. Manutenção, formatação, redes e suporte remoto."
"200987","500987","Motorista particular disponível em tempo integral. Habilitação E, experiência com vans e micro-ônibus."
"200988","500988","Motorista de aplicativo e particular. Atendo aeroporto, hospitais e viagens intermunicipais."
"200989","500989","Motorista particular disponível em tempo integral. Habilitação E, experiência com vans e micro-ônibus."
"200990","500990","Banho e tosa profissional a domicílio. Equipamentos próprios e produtos de qualidade para seu pet."
"200991","500991","Instalação de tomadas, lâmpadas, ventiladores, ar-condicionado e quadros elétricos. Serviço rápido e com garantia."
"200992","500992","Realizo pintura interna e externa, textura, grafiato e pintura epóxi para pisos. Orçamento sem compromisso."
"200993","500993","Trabalho com paisagismo e manutenção de áreas verdes. Projeto e execução com plantas nativas e exóticas."
"200994","500994","Veterinário com visita domiciliar para consultas, vacinas e exames básicos. Atendimento carinhoso."
"200995","500995","Mestre de obras com experiência em projetos residenciais e comerciais. Reformas com acompanhamento diário."
"200996","500996","Cozinheira profissional que atende residências, festas e empresas. Cardápio variado e sob medida."
"200997","500997","Jardineiro com formação técnica em paisagismo. Atendo residências, empresas e condomínios."
"200998","500998","Vigilante patrimonial com 4 anos de experiência e curso de formação atualizado. Atuação em condomínios e empresas."
"200999","500999","Especialista em manutenção de notebooks e desktops. Troca de tela, teclado, HD e memória com garantia."
"201000","501000","Motorista experiente para executivos e eventos. Veículo próprio de alto padrão e total sigilo."
